DATE,DESCRIPTION,CATEGORY,INCOME,EXPENSE,ACCOUNT,BALANCE
2024-09-01,Dunbar Family Trust - invoice 1005,Service revenue,2964.29,,Business transaction,120964.29
2024-09-01,Northshore Dental - invoice 1015,Service revenue,1526.3,,Business transaction,122490.59
2024-09-01,Workshop rent - Artarmon,Rent,,6200,Business transaction,116290.59
2024-09-02,Reece Plumbing,Materials,,6861.62,Business transaction,109428.97
2024-09-03,Ryde Council - invoice 1012,Service revenue,2070.12,,Business transaction,111499.09
2024-09-03,Public liability & fleet insurance,Insurance,,1850,Business transaction,109649.09
2024-09-05,ServiceM8 + Xero + Google Workspace,Software,,480,Business transaction,109169.09
2024-09-06,Middy's Electrical,Materials,,3697.75,Business transaction,105471.34
2024-09-06,Ampol fleet fuel,Vehicle & fuel,,840.94,Business transaction,104630.4
2024-09-08,Kings Cross Hotel - invoice 1017,Installation revenue,9644.08,,Business transaction,114274.48
2024-09-08,Google Ads,Marketing,,1486.61,Business transaction,112787.87
2024-09-09,Kings Cross Hotel - invoice 1010,Installation revenue,4768.79,,Business transaction,117556.66
2024-09-09,Parramatta Bakehouse - invoice 1021,Service revenue,3373.8,,Business transaction,120930.46
2024-09-09,Harbourview Apartments - invoice 1023,Service revenue,2823.56,,Business transaction,123754.02
2024-09-10,St Leonards Physio - invoice 1020,Service revenue,2922.85,,Business transaction,126676.87
2024-09-10,Bunnings Trade,Materials,,5812.84,Business transaction,120864.03
2024-09-10,Vehicle servicing,Vehicle & fuel,,1450,Business transaction,119414.03
2024-09-12,Electricity & water,Utilities,,684.43,Business transaction,118729.6
2024-09-13,Wattle St body corporate - invoice 1008,Installation revenue,5507.8,,Business transaction,124237.4
2024-09-13,Chatswood Childcare - monthly retainer,Maintenance contracts,4480.82,,Business transaction,128718.22
2024-09-14,Marrickville Brewery - invoice 1004,Installation revenue,3386.45,,Business transaction,132104.67
2024-09-14,Tradelink,Materials,,5774.05,Business transaction,126330.62
2024-09-14,Payroll fortnight A,Payroll,,15800,Business transaction,110530.62
2024-09-15,Ryde Council - invoice 1003,Service revenue,1784.13,,Business transaction,112314.75
2024-09-15,Dunbar Family Trust - monthly retainer,Maintenance contracts,4480.82,,Business transaction,116795.57
2024-09-15,Subcontractor - refrigeration,Subcontractors,,4334.52,Business transaction,112461.05
2024-09-15,Ampol fleet fuel,Vehicle & fuel,,794.5,Business transaction,111666.55
2024-09-16,Chatswood Childcare - monthly retainer,Maintenance contracts,4480.82,,Business transaction,116147.37
2024-09-17,Dunbar Family Trust - invoice 1009,Service revenue,2857.57,,Business transaction,119004.94
2024-09-17,Office supplies & phone,Office & admin,,557.38,Business transaction,118447.56
2024-09-18,Marrickville Brewery - invoice 1001,Installation revenue,5197.05,,Business transaction,123644.61
2024-09-18,Lawrence & Hanson,Materials,,3876.14,Business transaction,119768.47
2024-09-19,Harbourview Apartments - invoice 1000,Service revenue,3741.39,,Business transaction,123509.86
2024-09-22,St Leonards Physio - invoice 1006,Service revenue,1749.58,,Business transaction,125259.44
2024-09-22,Actrol HVAC,Materials,,4631.63,Business transaction,120627.81
2024-09-22,Bookkeeper,Professional fees,,900,Business transaction,119727.81
2024-09-23,Chatswood Childcare - invoice 1024,Installation revenue,5466.42,,Business transaction,125194.23
2024-09-24,Parramatta Bakehouse - invoice 1007,Service revenue,1711.69,,Business transaction,126905.92
2024-09-24,Harbourview Apartments - invoice 1018,Service revenue,2749.18,,Business transaction,129655.1
2024-09-24,Harbourview Apartments - invoice 1025,Service revenue,2614.98,,Business transaction,132270.08
2024-09-24,Ampol fleet fuel,Vehicle & fuel,,946.41,Business transaction,131323.67
2024-09-25,Kings Cross Hotel - invoice 1002,Service revenue,1941.46,,Business transaction,133265.13
2024-09-26,Wattle St body corporate - invoice 1013,Installation revenue,8019.03,,Business transaction,141284.16
2024-09-26,Wattle St body corporate - invoice 1016,Service revenue,3022.83,,Business transaction,144306.99
2024-09-27,Equipment finance - Ute loan,Loan repayment,,1320,Business transaction,142986.99
2024-09-28,Marrickville Brewery - invoice 1022,Installation revenue,8032.31,,Business transaction,151019.3
2024-09-28,Payroll fortnight B,Payroll,,15800,Business transaction,135219.3
2024-09-30,Owner drawings,Owner drawings,,7000,Business transaction,128219.3
2024-10-01,Workshop rent - Artarmon,Rent,,6200,Business transaction,122019.3
2024-10-02,St Leonards Physio - invoice 1053,Service revenue,2071.99,,Business transaction,124091.29
2024-10-02,Wattle St body corporate - invoice 1060,Installation revenue,8122.4,,Business transaction,132213.69
2024-10-02,Reece Plumbing,Materials,,4632.48,Business transaction,127581.21
2024-10-03,Public liability & fleet insurance,Insurance,,1850,Business transaction,125731.21
2024-10-04,Marrickville Brewery - invoice 1040,Installation revenue,5832.06,,Business transaction,131563.27
2024-10-05,Harbourview Apartments - invoice 1046,Installation revenue,9722.19,,Business transaction,141285.46
2024-10-05,ServiceM8 + Xero + Google Workspace,Software,,480,Business transaction,140805.46
2024-10-06,Wattle St body corporate - invoice 1043,Installation revenue,6461,,Business transaction,147266.46
2024-10-06,Northshore Dental - invoice 1058,Installation revenue,8540.22,,Business transaction,155806.68
2024-10-06,Middy's Electrical,Materials,,6302.44,Business transaction,149504.24
2024-10-06,Ampol fleet fuel,Vehicle & fuel,,774.57,Business transaction,148729.67
2024-10-07,Chatswood Childcare - invoice 1045,Service revenue,1245.6,,Business transaction,149975.27
2024-10-08,Google Ads,Marketing,,1593.02,Business transaction,148382.25
2024-10-09,Dunbar Family Trust - invoice 1044,Installation revenue,7892.17,,Business transaction,156274.42
2024-10-09,Ryde Council - invoice 1051,Service revenue,2028.41,,Business transaction,158302.83
2024-10-10,Parramatta Bakehouse - monthly retainer,Maintenance contracts,4354.17,,Business transaction,162657
2024-10-10,Bunnings Trade,Materials,,5538.46,Business transaction,157118.54
2024-10-10,Vehicle servicing,Vehicle & fuel,,260,Business transaction,156858.54
2024-10-11,Kings Cross Hotel - invoice 1054,Service revenue,2558.9,,Business transaction,159417.44
2024-10-12,Parramatta Bakehouse - invoice 1047,Installation revenue,5176.04,,Business transaction,164593.48
2024-10-12,Northshore Dental - invoice 1048,Service revenue,3152.82,,Business transaction,167746.3
2024-10-12,Electricity & water,Utilities,,657.2,Business transaction,167089.1
2024-10-13,Harbourview Apartments - monthly retainer,Maintenance contracts,4354.17,,Business transaction,171443.27
2024-10-14,Marrickville Brewery - invoice 1059,Installation revenue,9695.59,,Business transaction,181138.86
2024-10-14,Tradelink,Materials,,4254.51,Business transaction,176884.35
2024-10-14,Payroll fortnight A,Payroll,,15863.2,Business transaction,161021.15
2024-10-15,Marrickville Brewery - invoice 1056,Service revenue,3679.65,,Business transaction,164700.8
2024-10-15,Subcontractor - refrigeration,Subcontractors,,4737.33,Business transaction,159963.47
2024-10-15,Ampol fleet fuel,Vehicle & fuel,,851.67,Business transaction,159111.8
2024-10-17,Dunbar Family Trust - invoice 1050,Installation revenue,6834.06,,Business transaction,165945.86
2024-10-17,Northshore Dental - invoice 1063,Installation revenue,8836.55,,Business transaction,174782.41
2024-10-17,Office supplies & phone,Office & admin,,397.1,Business transaction,174385.31
2024-10-18,Lawrence & Hanson,Materials,,6531.38,Business transaction,167853.93
2024-10-19,Kings Cross Hotel - invoice 1061,Service revenue,2631.49,,Business transaction,170485.42
2024-10-20,Northshore Dental - invoice 1052,Service revenue,1652.57,,Business transaction,172137.99
2024-10-21,Ryde Council - invoice 1041,Service revenue,1188.77,,Business transaction,173326.76
2024-10-22,Actrol HVAC,Materials,,5325.41,Business transaction,168001.35
2024-10-22,Bookkeeper,Professional fees,,900,Business transaction,167101.35
2024-10-23,Parramatta Bakehouse - monthly retainer,Maintenance contracts,4354.17,,Business transaction,171455.52
2024-10-23,Ryde Council - monthly retainer,Maintenance contracts,4354.17,,Business transaction,175809.69
2024-10-24,Ampol fleet fuel,Vehicle & fuel,,727.19,Business transaction,175082.5
2024-10-26,Dunbar Family Trust - monthly retainer,Maintenance contracts,4354.17,,Business transaction,179436.67
2024-10-27,Equipment finance - Ute loan,Loan repayment,,1320,Business transaction,178116.67
2024-10-28,Payroll fortnight B,Payroll,,15863.2,Business transaction,162253.47
2024-10-30,Owner drawings,Owner drawings,,7000,Business transaction,155253.47
2024-11-01,Northshore Dental - monthly retainer,Maintenance contracts,4156.42,,Business transaction,159409.89
2024-11-01,Workshop rent - Artarmon,Rent,,6200,Business transaction,153209.89
2024-11-02,Northshore Dental - invoice 1090,Service revenue,3385.18,,Business transaction,156595.07
2024-11-02,Reece Plumbing,Materials,,3830.33,Business transaction,152764.74
2024-11-03,Wattle St body corporate - invoice 1094,Service revenue,1324.75,,Business transaction,154089.49
2024-11-03,Public liability & fleet insurance,Insurance,,1850,Business transaction,152239.49
2024-11-05,ServiceM8 + Xero + Google Workspace,Software,,480,Business transaction,151759.49
2024-11-06,Middy's Electrical,Materials,,6323.09,Business transaction,145436.4
2024-11-06,Ampol fleet fuel,Vehicle & fuel,,786.92,Business transaction,144649.48
2024-11-08,Harbourview Apartments - invoice 1081,Installation revenue,4022.28,,Business transaction,148671.76
2024-11-08,St Leonards Physio - invoice 1086,Service revenue,2506.59,,Business transaction,151178.35
2024-11-08,Google Ads,Marketing,,1520.3,Business transaction,149658.05
2024-11-09,Parramatta Bakehouse - invoice 1100,Installation revenue,8166.84,,Business transaction,157824.89
2024-11-09,Marrickville Brewery - invoice 1104,Service revenue,3541.07,,Business transaction,161365.96
2024-11-10,Northshore Dental - invoice 1085,Service revenue,2286.18,,Business transaction,163652.14
2024-11-10,Bunnings Trade,Materials,,4568.9,Business transaction,159083.24
2024-11-10,Vehicle servicing,Vehicle & fuel,,260,Business transaction,158823.24
2024-11-12,Electricity & water,Utilities,,620,Business transaction,158203.24
2024-11-13,St Leonards Physio - invoice 1082,Service revenue,1914.68,,Business transaction,160117.92
2024-11-13,Parramatta Bakehouse - invoice 1084,Installation revenue,6345.63,,Business transaction,166463.55
2024-11-13,Harbourview Apartments - invoice 1087,Installation revenue,7153.45,,Business transaction,173617
2024-11-13,St Leonards Physio - monthly retainer,Maintenance contracts,4156.42,,Business transaction,177773.42
2024-11-14,Tradelink,Materials,,3786.32,Business transaction,173987.1
2024-11-14,Payroll fortnight A,Payroll,,15926.4,Business transaction,158060.7
2024-11-15,Marrickville Brewery - invoice 1105,Service revenue,2049.52,,Business transaction,160110.22
2024-11-15,Subcontractor - refrigeration,Subcontractors,,5758.42,Business transaction,154351.8
2024-11-15,Ampol fleet fuel,Vehicle & fuel,,1024.82,Business transaction,153326.98
2024-11-16,Wattle St body corporate - invoice 1091,Service revenue,3055.7,,Business transaction,156382.68
2024-11-17,Office supplies & phone,Office & admin,,488.95,Business transaction,155893.73
2024-11-18,Lawrence & Hanson,Materials,,5101.37,Business transaction,150792.36
2024-11-19,St Leonards Physio - invoice 1095,Service revenue,2970.84,,Business transaction,153763.2
2024-11-19,Marrickville Brewery - invoice 1103,Service revenue,2858.38,,Business transaction,156621.58
2024-11-20,St Leonards Physio - invoice 1101,Installation revenue,6544.66,,Business transaction,163166.24
2024-11-20,Harbourview Apartments - invoice 1106,Installation revenue,8527.31,,Business transaction,171693.55
2024-11-22,Harbourview Apartments - invoice 1083,Installation revenue,8064.93,,Business transaction,179758.48
2024-11-22,Ryde Council - monthly retainer,Maintenance contracts,4156.42,,Business transaction,183914.9
2024-11-22,Actrol HVAC,Materials,,5620.25,Business transaction,178294.65
2024-11-22,Bookkeeper,Professional fees,,900,Business transaction,177394.65
2024-11-23,St Leonards Physio - invoice 1093,Installation revenue,6538.93,,Business transaction,183933.58
2024-11-24,St Leonards Physio - invoice 1097,Service revenue,1895.69,,Business transaction,185829.27
2024-11-24,Ampol fleet fuel,Vehicle & fuel,,1044.92,Business transaction,184784.35
2024-11-25,Parramatta Bakehouse - invoice 1080,Installation revenue,9077.25,,Business transaction,193861.6
2024-11-27,Wattle St body corporate - invoice 1088,Service revenue,1518.97,,Business transaction,195380.57
2024-11-27,Dunbar Family Trust - invoice 1098,Service revenue,3724.97,,Business transaction,199105.54
2024-11-27,Ryde Council - invoice 1099,Installation revenue,8479.19,,Business transaction,207584.73
2024-11-27,Equipment finance - Ute loan,Loan repayment,,1320,Business transaction,206264.73
2024-11-28,Kings Cross Hotel - invoice 1102,Installation revenue,9146.02,,Business transaction,215410.75
2024-11-28,Payroll fortnight B,Payroll,,15926.4,Business transaction,199484.35
2024-11-28,BAS payment (GST net),GST/BAS,,3442.69,Business transaction,196041.66
2024-11-30,Owner drawings,Owner drawings,,7000,Business transaction,189041.66
2024-12-01,Dunbar Family Trust - invoice 1124,Installation revenue,3467.11,,Business transaction,192508.77
2024-12-01,Kings Cross Hotel - invoice 1133,Service revenue,2764.71,,Business transaction,195273.48
2024-12-01,Workshop rent - Artarmon,Rent,,6200,Business transaction,189073.48
2024-12-02,Reece Plumbing,Materials,,5630.57,Business transaction,183442.91
2024-12-03,Kings Cross Hotel - invoice 1135,Installation revenue,3783.49,,Business transaction,187226.4
2024-12-03,Public liability & fleet insurance,Insurance,,1850,Business transaction,185376.4
2024-12-04,Kings Cross Hotel - invoice 1129,Service revenue,2613.93,,Business transaction,187990.33
2024-12-04,Wattle St body corporate - invoice 1130,Installation revenue,8411.29,,Business transaction,196401.62
2024-12-05,Wattle St body corporate - invoice 1122,Installation revenue,3221.45,,Business transaction,199623.07
2024-12-05,Harbourview Apartments - monthly retainer,Maintenance contracts,3952.82,,Business transaction,203575.89
2024-12-05,ServiceM8 + Xero + Google Workspace,Software,,480,Business transaction,203095.89
2024-12-06,Kings Cross Hotel - invoice 1134,Installation revenue,5193.29,,Business transaction,208289.18
2024-12-06,Kings Cross Hotel - invoice 1138,Installation revenue,6964.58,,Business transaction,215253.76
2024-12-06,Middy's Electrical,Materials,,2942.51,Business transaction,212311.25
2024-12-06,Ampol fleet fuel,Vehicle & fuel,,894.43,Business transaction,211416.82
2024-12-07,Parramatta Bakehouse - invoice 1127,Service revenue,2706.94,,Business transaction,214123.76
2024-12-07,Dunbar Family Trust - invoice 1131,Service revenue,1951.43,,Business transaction,216075.19
2024-12-08,Google Ads,Marketing,,1466.99,Business transaction,214608.2
2024-12-10,Kings Cross Hotel - invoice 1142,Service revenue,1178.11,,Business transaction,215786.31
2024-12-10,Bunnings Trade,Materials,,3114.28,Business transaction,212672.03
2024-12-10,Vehicle servicing,Vehicle & fuel,,1450,Business transaction,211222.03
2024-12-12,Electricity & water,Utilities,,582.8,Business transaction,210639.23
2024-12-14,Tradelink,Materials,,6131.22,Business transaction,204508.01
2024-12-14,Payroll fortnight A,Payroll,,15989.6,Business transaction,188518.41
2024-12-15,Harbourview Apartments - invoice 1144,Service revenue,2747.62,,Business transaction,191266.03
2024-12-15,Subcontractor - refrigeration,Subcontractors,,4816.31,Business transaction,186449.72
2024-12-15,Ampol fleet fuel,Vehicle & fuel,,962.74,Business transaction,185486.98
2024-12-17,Marrickville Brewery - monthly retainer,Maintenance contracts,3952.82,,Business transaction,189439.8
2024-12-17,Office supplies & phone,Office & admin,,575.81,Business transaction,188863.99
2024-12-18,Kings Cross Hotel - invoice 1121,Service revenue,2220.91,,Business transaction,191084.9
2024-12-18,Lawrence & Hanson,Materials,,3378.91,Business transaction,187705.99
2024-12-19,Ryde Council - invoice 1139,Service revenue,1409.84,,Business transaction,189115.83
2024-12-21,St Leonards Physio - invoice 1128,Service revenue,1739.58,,Business transaction,190855.41
2024-12-22,Actrol HVAC,Materials,,4292.18,Business transaction,186563.23
2024-12-22,Bookkeeper,Professional fees,,900,Business transaction,185663.23
2024-12-23,Parramatta Bakehouse - invoice 1136,Service revenue,3347.69,,Business transaction,189010.92
2024-12-24,Marrickville Brewery - invoice 1123,Service revenue,2043.23,,Business transaction,191054.15
2024-12-24,Ryde Council - invoice 1125,Installation revenue,4563.56,,Business transaction,195617.71
2024-12-24,Ampol fleet fuel,Vehicle & fuel,,777.01,Business transaction,194840.7
2024-12-25,Northshore Dental - monthly retainer,Maintenance contracts,3952.82,,Business transaction,198793.52
2024-12-25,Parramatta Bakehouse - invoice 1143,Installation revenue,4453.06,,Business transaction,203246.58
2024-12-26,Ryde Council - invoice 1120,Service revenue,2371.44,,Business transaction,205618.02
2024-12-26,St Leonards Physio - invoice 1140,Installation revenue,4182.07,,Business transaction,209800.09
2024-12-27,St Leonards Physio - invoice 1141,Installation revenue,3260.18,,Business transaction,213060.27
2024-12-27,Equipment finance - Ute loan,Loan repayment,,1320,Business transaction,211740.27
2024-12-28,Payroll fortnight B,Payroll,,15989.6,Business transaction,195750.67
2024-12-30,Owner drawings,Owner drawings,,7000,Business transaction,188750.67
2025-01-01,Parramatta Bakehouse - invoice 1179,Service revenue,3539.74,,Business transaction,192290.41
2025-01-01,Workshop rent - Artarmon,Rent,,6200,Business transaction,186090.41
2025-01-02,Ryde Council - invoice 1163,Service revenue,2297.14,,Business transaction,188387.55
2025-01-02,St Leonards Physio - invoice 1174,Service revenue,3330.2,,Business transaction,191717.75
2025-01-02,Reece Plumbing,Materials,,5393.91,Business transaction,186323.84
2025-01-03,Public liability & fleet insurance,Insurance,,1850,Business transaction,184473.84
2025-01-04,Dunbar Family Trust - invoice 1183,Installation revenue,3146.94,,Business transaction,187620.78
2025-01-05,Northshore Dental - invoice 1182,Installation revenue,4291.29,,Business transaction,191912.07
2025-01-05,ServiceM8 + Xero + Google Workspace,Software,,480,Business transaction,191432.07
2025-01-06,Middy's Electrical,Materials,,4679.74,Business transaction,186752.33
2025-01-06,Ampol fleet fuel,Vehicle & fuel,,746.84,Business transaction,186005.49
2025-01-08,Parramatta Bakehouse - invoice 1161,Service revenue,2249.39,,Business transaction,188254.88
2025-01-08,Ryde Council - monthly retainer,Maintenance contracts,3811.76,,Business transaction,192066.64
2025-01-08,St Leonards Physio - invoice 1186,Installation revenue,7863.37,,Business transaction,199930.01
2025-01-08,Google Ads,Marketing,,1452.95,Business transaction,198477.06
2025-01-10,Bunnings Trade,Materials,,3608.83,Business transaction,194868.23
2025-01-10,Vehicle servicing,Vehicle & fuel,,260,Business transaction,194608.23
2025-01-11,Parramatta Bakehouse - invoice 1162,Service revenue,3206.18,,Business transaction,197814.41
2025-01-11,Kings Cross Hotel - invoice 1168,Installation revenue,3906.48,,Business transaction,201720.89
2025-01-12,Electricity & water,Utilities,,555.57,Business transaction,201165.32
2025-01-13,Wattle St body corporate - monthly retainer,Maintenance contracts,3811.76,,Business transaction,204977.08
2025-01-13,Parramatta Bakehouse - invoice 1171,Installation revenue,5688.6,,Business transaction,210665.68
2025-01-13,Chatswood Childcare - invoice 1181,Service revenue,3152.55,,Business transaction,213818.23
2025-01-14,Parramatta Bakehouse - invoice 1166,Service revenue,2318.69,,Business transaction,216136.92
2025-01-14,Northshore Dental - monthly retainer,Maintenance contracts,3811.76,,Business transaction,219948.68
2025-01-14,Tradelink,Materials,,4115.38,Business transaction,215833.3
2025-01-14,Payroll fortnight A,Payroll,,16052.8,Business transaction,199780.5
2025-01-15,Kings Cross Hotel - invoice 1160,Service revenue,1537.09,,Business transaction,201317.59
2025-01-15,Subcontractor - refrigeration,Subcontractors,,3712.92,Business transaction,197604.67
2025-01-15,Ampol fleet fuel,Vehicle & fuel,,951.88,Business transaction,196652.79
2025-01-16,Ryde Council - invoice 1175,Service revenue,2749.27,,Business transaction,199402.06
2025-01-17,St Leonards Physio - invoice 1165,Installation revenue,3166.19,,Business transaction,202568.25
2025-01-17,Office supplies & phone,Office & admin,,466.75,Business transaction,202101.5
2025-01-18,Chatswood Childcare - invoice 1184,Installation revenue,4998.78,,Business transaction,207100.28
2025-01-18,Lawrence & Hanson,Materials,,4334.73,Business transaction,202765.55
2025-01-19,Chatswood Childcare - monthly retainer,Maintenance contracts,3811.76,,Business transaction,206577.31
2025-01-20,Wattle St body corporate - invoice 1167,Installation revenue,2952.01,,Business transaction,209529.32
2025-01-20,Kings Cross Hotel - monthly retainer,Maintenance contracts,3811.76,,Business transaction,213341.08
2025-01-21,St Leonards Physio - invoice 1172,Installation revenue,3552.55,,Business transaction,216893.63
2025-01-21,Wattle St body corporate - invoice 1185,Service revenue,3030.48,,Business transaction,219924.11
2025-01-22,Ryde Council - invoice 1164,Service revenue,3306.44,,Business transaction,223230.55
2025-01-22,Actrol HVAC,Materials,,5915.34,Business transaction,217315.21
2025-01-22,Bookkeeper,Professional fees,,900,Business transaction,216415.21
2025-01-23,Harbourview Apartments - monthly retainer,Maintenance contracts,3811.76,,Business transaction,220226.97
2025-01-24,Parramatta Bakehouse - monthly retainer,Maintenance contracts,3811.76,,Business transaction,224038.73
2025-01-24,Ampol fleet fuel,Vehicle & fuel,,1006.37,Business transaction,223032.36
2025-01-27,Equipment finance - Ute loan,Loan repayment,,1320,Business transaction,221712.36
2025-01-28,Marrickville Brewery - monthly retainer,Maintenance contracts,3811.76,,Business transaction,225524.12
2025-01-28,Payroll fortnight B,Payroll,,16052.8,Business transaction,209471.32
2025-01-30,Owner drawings,Owner drawings,,7000,Business transaction,202471.32
2025-02-01,Ryde Council - invoice 1216,Installation revenue,8382.47,,Business transaction,210853.79
2025-02-01,Kings Cross Hotel - invoice 1225,Service revenue,1446.52,,Business transaction,212300.31
2025-02-01,Workshop rent - Artarmon,Rent,,6200,Business transaction,206100.31
2025-02-02,Kings Cross Hotel - invoice 1205,Service revenue,2332.18,,Business transaction,208432.49
2025-02-02,Reece Plumbing,Materials,,3623.24,Business transaction,204809.25
2025-02-03,Public liability & fleet insurance,Insurance,,1850,Business transaction,202959.25
2025-02-04,Kings Cross Hotel - invoice 1210,Installation revenue,3944.92,,Business transaction,206904.17
2025-02-05,ServiceM8 + Xero + Google Workspace,Software,,480,Business transaction,206424.17
2025-02-06,Ryde Council - monthly retainer,Maintenance contracts,3786.24,,Business transaction,210210.41
2025-02-06,Middy's Electrical,Materials,,2587.95,Business transaction,207622.46
2025-02-06,Ampol fleet fuel,Vehicle & fuel,,769.17,Business transaction,206853.29
2025-02-08,Chatswood Childcare - invoice 1217,Installation revenue,8454.99,,Business transaction,215308.28
2025-02-08,Google Ads,Marketing,,1511.84,Business transaction,213796.44
2025-02-09,Chatswood Childcare - invoice 1215,Service revenue,1390.18,,Business transaction,215186.62
2025-02-09,St Leonards Physio - invoice 1218,Service revenue,3396.82,,Business transaction,218583.44
2025-02-09,Chatswood Childcare - invoice 1219,Service revenue,1557.13,,Business transaction,220140.57
2025-02-10,Ryde Council - invoice 1212,Service revenue,2514.91,,Business transaction,222655.48
2025-02-10,Bunnings Trade,Materials,,2945.22,Business transaction,219710.26
2025-02-10,Vehicle servicing,Vehicle & fuel,,260,Business transaction,219450.26
2025-02-12,Marrickville Brewery - invoice 1206,Installation revenue,2849.02,,Business transaction,222299.28
2025-02-12,Electricity & water,Utilities,,545.6,Business transaction,221753.68
2025-02-13,Ryde Council - monthly retainer,Maintenance contracts,3786.24,,Business transaction,225539.92
2025-02-14,Tradelink,Materials,,4708.55,Business transaction,220831.37
2025-02-14,Payroll fortnight A,Payroll,,16116,Business transaction,204715.37
2025-02-15,Chatswood Childcare - invoice 1214,Service revenue,3304.67,,Business transaction,208020.04
2025-02-15,Northshore Dental - invoice 1220,Installation revenue,4633.74,,Business transaction,212653.78
2025-02-15,Subcontractor - refrigeration,Subcontractors,,4477.87,Business transaction,208175.91
2025-02-15,Ampol fleet fuel,Vehicle & fuel,,975.02,Business transaction,207200.89
2025-02-16,Ryde Council - invoice 1202,Installation revenue,6058.53,,Business transaction,213259.42
2025-02-16,Marrickville Brewery - invoice 1221,Service revenue,1454.52,,Business transaction,214713.94
2025-02-17,Harbourview Apartments - invoice 1200,Installation revenue,5065.48,,Business transaction,219779.42
2025-02-17,Marrickville Brewery - invoice 1208,Service revenue,2590.2,,Business transaction,222369.62
2025-02-17,Parramatta Bakehouse - invoice 1209,Installation revenue,5197.27,,Business transaction,227566.89
2025-02-17,Office supplies & phone,Office & admin,,435.76,Business transaction,227131.13
2025-02-18,Lawrence & Hanson,Materials,,3470.29,Business transaction,223660.84
2025-02-19,Ryde Council - invoice 1224,Service revenue,2494.03,,Business transaction,226154.87
2025-02-20,Term deposit interest,Interest income,678.21,,Business transaction,226833.08
2025-02-21,Ryde Council - invoice 1207,Service revenue,1510.08,,Business transaction,228343.16
2025-02-22,Wattle St body corporate - monthly retainer,Maintenance contracts,3786.24,,Business transaction,232129.4
2025-02-22,Actrol HVAC,Materials,,2668.88,Business transaction,229460.52
2025-02-22,Bookkeeper,Professional fees,,900,Business transaction,228560.52
2025-02-24,Ampol fleet fuel,Vehicle & fuel,,797.47,Business transaction,227763.05
2025-02-25,Ryde Council - monthly retainer,Maintenance contracts,3786.24,,Business transaction,231549.29
2025-02-25,St Leonards Physio - invoice 1222,Installation revenue,5909.55,,Business transaction,237458.84
2025-02-26,Wattle St body corporate - invoice 1204,Service revenue,1250.88,,Business transaction,238709.72
2025-02-26,Chatswood Childcare - invoice 1211,Installation revenue,4440.9,,Business transaction,243150.62
2025-02-27,Equipment finance - Ute loan,Loan repayment,,1320,Business transaction,241830.62
2025-02-28,Payroll fortnight B,Payroll,,16116,Business transaction,225714.62
2025-02-28,BAS payment (GST net),GST/BAS,,3136.07,Business transaction,222578.55
2025-02-28,Owner drawings,Owner drawings,,7000,Business transaction,215578.55
2025-03-01,Northshore Dental - invoice 1263,Service revenue,2124.9,,Business transaction,217703.45
2025-03-01,Workshop rent - Artarmon,Rent,,6200,Business transaction,211503.45
2025-03-02,Harbourview Apartments - invoice 1255,Service revenue,1441.5,,Business transaction,212944.95
2025-03-02,Kings Cross Hotel - invoice 1260,Service revenue,3504.71,,Business transaction,216449.66
2025-03-02,Reece Plumbing,Materials,,3030.78,Business transaction,213418.88
2025-03-03,St Leonards Physio - invoice 1246,Service revenue,3268.57,,Business transaction,216687.45
2025-03-03,Public liability & fleet insurance,Insurance,,1850,Business transaction,214837.45
2025-03-05,ServiceM8 + Xero + Google Workspace,Software,,480,Business transaction,214357.45
2025-03-06,Northshore Dental - invoice 1241,Installation revenue,3417.34,,Business transaction,217774.79
2025-03-06,Middy's Electrical,Materials,,3257.87,Business transaction,214516.92
2025-03-06,Ampol fleet fuel,Vehicle & fuel,,974.31,Business transaction,213542.61
2025-03-07,St Leonards Physio - monthly retainer,Maintenance contracts,3899.05,,Business transaction,217441.66
2025-03-07,Parramatta Bakehouse - invoice 1254,Service revenue,3631.55,,Business transaction,221073.21
2025-03-07,Chatswood Childcare - invoice 1262,Service revenue,3230.34,,Business transaction,224303.55
2025-03-08,Google Ads,Marketing,,1257.71,Business transaction,223045.84
2025-03-09,St Leonards Physio - invoice 1258,Service revenue,2987.64,,Business transaction,226033.48
2025-03-10,Bunnings Trade,Materials,,4987.87,Business transaction,221045.61
2025-03-10,Vehicle servicing,Vehicle & fuel,,1450,Business transaction,219595.61
2025-03-12,Northshore Dental - invoice 1244,Installation revenue,8423.87,,Business transaction,228019.48
2025-03-12,Electricity & water,Utilities,,555.57,Business transaction,227463.91
2025-03-13,Northshore Dental - invoice 1250,Installation revenue,6060.23,,Business transaction,233524.14
2025-03-14,Parramatta Bakehouse - invoice 1264,Service revenue,2034.84,,Business transaction,235558.98
2025-03-14,Tradelink,Materials,,5347.25,Business transaction,230211.73
2025-03-14,Payroll fortnight A,Payroll,,16179.2,Business transaction,214032.53
2025-03-15,Parramatta Bakehouse - invoice 1256,Service revenue,3030.13,,Business transaction,217062.66
2025-03-15,Subcontractor - refrigeration,Subcontractors,,5824.56,Business transaction,211238.1
2025-03-15,Ampol fleet fuel,Vehicle & fuel,,903.25,Business transaction,210334.85
2025-03-17,Harbourview Apartments - invoice 1245,Service revenue,3383.8,,Business transaction,213718.65
2025-03-17,Office supplies & phone,Office & admin,,422.25,Business transaction,213296.4
2025-03-18,Parramatta Bakehouse - invoice 1240,Service revenue,1949.46,,Business transaction,215245.86
2025-03-18,Marrickville Brewery - invoice 1261,Installation revenue,3307.05,,Business transaction,218552.91
2025-03-18,Lawrence & Hanson,Materials,,5981.52,Business transaction,212571.39
2025-03-19,Ryde Council - invoice 1243,Service revenue,1492.63,,Business transaction,214064.02
2025-03-19,Marrickville Brewery - invoice 1251,Service revenue,1913.23,,Business transaction,215977.25
2025-03-21,St Leonards Physio - invoice 1253,Service revenue,2382.86,,Business transaction,218360.11
2025-03-21,Parramatta Bakehouse - invoice 1257,Service revenue,3631.42,,Business transaction,221991.53
2025-03-22,Dunbar Family Trust - invoice 1265,Service revenue,3541.16,,Business transaction,225532.69
2025-03-22,Actrol HVAC,Materials,,5552.4,Business transaction,219980.29
2025-03-22,Bookkeeper,Professional fees,,900,Business transaction,219080.29
2025-03-24,Northshore Dental - invoice 1259,Service revenue,1332.91,,Business transaction,220413.2
2025-03-24,Ampol fleet fuel,Vehicle & fuel,,1016.2,Business transaction,219397
2025-03-25,Chatswood Childcare - monthly retainer,Maintenance contracts,3899.05,,Business transaction,223296.05
2025-03-26,Marrickville Brewery - invoice 1248,Installation revenue,5991.2,,Business transaction,229287.25
2025-03-26,Northshore Dental - invoice 1249,Service revenue,1625.16,,Business transaction,230912.41
2025-03-27,Equipment finance - Ute loan,Loan repayment,,1320,Business transaction,229592.41
2025-03-28,St Leonards Physio - invoice 1247,Installation revenue,6422.32,,Business transaction,236014.73
2025-03-28,Payroll fortnight B,Payroll,,16179.2,Business transaction,219835.53
2025-03-30,Owner drawings,Owner drawings,,7000,Business transaction,212835.53
2025-04-01,Workshop rent - Artarmon,Rent,,6200,Business transaction,206635.53
2025-04-02,Ryde Council - invoice 1289,Service revenue,1881.38,,Business transaction,208516.91
2025-04-02,Reece Plumbing,Materials,,5692.39,Business transaction,202824.52
2025-04-03,Dunbar Family Trust - invoice 1284,Installation revenue,5393.47,,Business transaction,208217.99
2025-04-03,Public liability & fleet insurance,Insurance,,1850,Business transaction,206367.99
2025-04-05,ServiceM8 + Xero + Google Workspace,Software,,480,Business transaction,205887.99
2025-04-06,Dunbar Family Trust - invoice 1293,Service revenue,3691.24,,Business transaction,209579.23
2025-04-06,Middy's Electrical,Materials,,4021.5,Business transaction,205557.73
2025-04-06,Ampol fleet fuel,Vehicle & fuel,,885.57,Business transaction,204672.16
2025-04-07,Parramatta Bakehouse - invoice 1292,Service revenue,3331.27,,Business transaction,208003.43
2025-04-08,Parramatta Bakehouse - invoice 1301,Service revenue,3489.5,,Business transaction,211492.93
2025-04-08,Google Ads,Marketing,,1534.86,Business transaction,209958.07
2025-04-10,Chatswood Childcare - monthly retainer,Maintenance contracts,4135.96,,Business transaction,214094.03
2025-04-10,Bunnings Trade,Materials,,5418.14,Business transaction,208675.89
2025-04-10,Vehicle servicing,Vehicle & fuel,,260,Business transaction,208415.89
2025-04-12,Electricity & water,Utilities,,582.8,Business transaction,207833.09
2025-04-13,Kings Cross Hotel - invoice 1295,Service revenue,2073.72,,Business transaction,209906.81
2025-04-13,Ryde Council - invoice 1298,Installation revenue,4013.06,,Business transaction,213919.87
2025-04-14,Tradelink,Materials,,4063.62,Business transaction,209856.25
2025-04-14,Payroll fortnight A,Payroll,,16242.4,Business transaction,193613.85
2025-04-15,Subcontractor - refrigeration,Subcontractors,,6363.16,Business transaction,187250.69
2025-04-15,Ampol fleet fuel,Vehicle & fuel,,826.83,Business transaction,186423.86
2025-04-16,Parramatta Bakehouse - invoice 1294,Installation revenue,6879.18,,Business transaction,193303.04
2025-04-17,Office supplies & phone,Office & admin,,453.63,Business transaction,192849.41
2025-04-18,Ryde Council - invoice 1282,Installation revenue,3665.23,,Business transaction,196514.64
2025-04-18,Lawrence & Hanson,Materials,,6276.57,Business transaction,190238.07
2025-04-19,St Leonards Physio - invoice 1290,Installation revenue,6825.96,,Business transaction,197064.03
2025-04-19,Ryde Council - invoice 1296,Service revenue,2819.23,,Business transaction,199883.26
2025-04-20,Ryde Council - invoice 1291,Service revenue,3536.27,,Business transaction,203419.53
2025-04-22,Harbourview Apartments - monthly retainer,Maintenance contracts,4135.96,,Business transaction,207555.49
2025-04-22,Actrol HVAC,Materials,,2984.72,Business transaction,204570.77
2025-04-22,Bookkeeper,Professional fees,,900,Business transaction,203670.77
2025-04-23,Wattle St body corporate - invoice 1286,Service revenue,1195.76,,Business transaction,204866.53
2025-04-24,Dunbar Family Trust - invoice 1283,Installation revenue,3193.39,,Business transaction,208059.92
2025-04-24,Parramatta Bakehouse - monthly retainer,Maintenance contracts,4135.96,,Business transaction,212195.88
2025-04-24,Ampol fleet fuel,Vehicle & fuel,,816.41,Business transaction,211379.47
2025-04-25,Annual accounts & tax return,Professional fees,,4800,Business transaction,206579.47
2025-04-26,Wattle St body corporate - invoice 1300,Service revenue,3650.53,,Business transaction,210230
2025-04-27,Dunbar Family Trust - invoice 1280,Installation revenue,8735.67,,Business transaction,218965.67
2025-04-27,Ryde Council - invoice 1281,Service revenue,1132.58,,Business transaction,220098.25
2025-04-27,Equipment finance - Ute loan,Loan repayment,,1320,Business transaction,218778.25
2025-04-28,St Leonards Physio - monthly retainer,Maintenance contracts,4135.96,,Business transaction,222914.21
2025-04-28,Chatswood Childcare - invoice 1299,Service revenue,1639.68,,Business transaction,224553.89
2025-04-28,Payroll fortnight B,Payroll,,16242.4,Business transaction,208311.49
2025-04-30,Owner drawings,Owner drawings,,7000,Business transaction,201311.49
2025-05-01,Workshop rent - Artarmon,Rent,,6200,Business transaction,195111.49
2025-05-02,Reece Plumbing,Materials,,5080.35,Business transaction,190031.14
2025-05-03,Public liability & fleet insurance,Insurance,,1850,Business transaction,188181.14
2025-05-04,Kings Cross Hotel - invoice 1331,Installation revenue,3461.82,,Business transaction,191642.96
2025-05-05,Northshore Dental - invoice 1332,Service revenue,1892.51,,Business transaction,193535.47
2025-05-05,ServiceM8 + Xero + Google Workspace,Software,,480,Business transaction,193055.47
2025-05-06,Ryde Council - invoice 1327,Installation revenue,5701.05,,Business transaction,198756.52
2025-05-06,Middy's Electrical,Materials,,3141.37,Business transaction,195615.15
2025-05-06,Ampol fleet fuel,Vehicle & fuel,,750.96,Business transaction,194864.19
2025-05-08,Wattle St body corporate - invoice 1330,Service revenue,3722.26,,Business transaction,198586.45
2025-05-08,Wattle St body corporate - invoice 1335,Installation revenue,5772.3,,Business transaction,204358.75
2025-05-08,Google Ads,Marketing,,1229.97,Business transaction,203128.78
2025-05-09,Kings Cross Hotel - invoice 1323,Installation revenue,7281.93,,Business transaction,210410.71
2025-05-10,Bunnings Trade,Materials,,4103.81,Business transaction,206306.9
2025-05-10,Vehicle servicing,Vehicle & fuel,,260,Business transaction,206046.9
2025-05-12,Dunbar Family Trust - invoice 1326,Service revenue,2405.32,,Business transaction,208452.22
2025-05-12,Northshore Dental - invoice 1343,Installation revenue,9114.91,,Business transaction,217567.13
2025-05-12,Electricity & water,Utilities,,620,Business transaction,216947.13
2025-05-13,Northshore Dental - invoice 1322,Installation revenue,7003.53,,Business transaction,223950.66
2025-05-14,Kings Cross Hotel - monthly retainer,Maintenance contracts,4448.66,,Business transaction,228399.32
2025-05-14,Tradelink,Materials,,6787.3,Business transaction,221612.02
2025-05-14,Payroll fortnight A,Payroll,,16305.6,Business transaction,205306.42
2025-05-15,Subcontractor - refrigeration,Subcontractors,,5493.82,Business transaction,199812.6
2025-05-15,Ampol fleet fuel,Vehicle & fuel,,1035.95,Business transaction,198776.65
2025-05-17,Chatswood Childcare - invoice 1325,Service revenue,2276.3,,Business transaction,201052.95
2025-05-17,St Leonards Physio - monthly retainer,Maintenance contracts,4448.66,,Business transaction,205501.61
2025-05-17,Office supplies & phone,Office & admin,,437.54,Business transaction,205064.07
2025-05-18,Dunbar Family Trust - invoice 1337,Service revenue,3014.12,,Business transaction,208078.19
2025-05-18,Lawrence & Hanson,Materials,,6764.01,Business transaction,201314.18
2025-05-20,Harbourview Apartments - invoice 1320,Service revenue,1274.2,,Business transaction,202588.38
2025-05-21,Ryde Council - monthly retainer,Maintenance contracts,4448.66,,Business transaction,207037.04
2025-05-21,Marrickville Brewery - monthly retainer,Maintenance contracts,4448.66,,Business transaction,211485.7
2025-05-22,Actrol HVAC,Materials,,5210.78,Business transaction,206274.92
2025-05-22,Bookkeeper,Professional fees,,900,Business transaction,205374.92
2025-05-23,Wattle St body corporate - invoice 1321,Service revenue,1299.83,,Business transaction,206674.75
2025-05-23,Dunbar Family Trust - monthly retainer,Maintenance contracts,4448.66,,Business transaction,211123.41
2025-05-23,Ryde Council - monthly retainer,Maintenance contracts,4448.66,,Business transaction,215572.07
2025-05-23,Wattle St body corporate - monthly retainer,Maintenance contracts,4448.66,,Business transaction,220020.73
2025-05-24,Northshore Dental - invoice 1342,Service revenue,1538.26,,Business transaction,221558.99
2025-05-24,Ampol fleet fuel,Vehicle & fuel,,823.01,Business transaction,220735.98
2025-05-25,Parramatta Bakehouse - invoice 1336,Installation revenue,8357.3,,Business transaction,229093.28
2025-05-26,Parramatta Bakehouse - invoice 1339,Installation revenue,6755.92,,Business transaction,235849.2
2025-05-27,Equipment finance - Ute loan,Loan repayment,,1320,Business transaction,234529.2
2025-05-28,Marrickville Brewery - invoice 1328,Installation revenue,7076.8,,Business transaction,241606
2025-05-28,Payroll fortnight B,Payroll,,16305.6,Business transaction,225300.4
2025-05-28,BAS payment (GST net),GST/BAS,,3684.75,Business transaction,221615.65
2025-05-30,Owner drawings,Owner drawings,,7000,Business transaction,214615.65
2025-06-01,Workshop rent - Artarmon,Rent,,6200,Business transaction,208415.65
2025-06-02,St Leonards Physio - invoice 1376,Service revenue,1891.63,,Business transaction,210307.28
2025-06-02,Reece Plumbing,Materials,,6152.75,Business transaction,204154.53
2025-06-03,Public liability & fleet insurance,Insurance,,1850,Business transaction,202304.53
2025-06-05,St Leonards Physio - invoice 1362,Service revenue,3667.21,,Business transaction,205971.74
2025-06-05,Wattle St body corporate - invoice 1370,Installation revenue,10575.92,,Business transaction,216547.66
2025-06-05,Harbourview Apartments - invoice 1385,Service revenue,1337.23,,Business transaction,217884.89
2025-06-05,ServiceM8 + Xero + Google Workspace,Software,,480,Business transaction,217404.89
2025-06-06,Kings Cross Hotel - invoice 1383,Service revenue,2441.89,,Business transaction,219846.78
2025-06-06,Middy's Electrical,Materials,,6577.47,Business transaction,213269.31
2025-06-06,Ampol fleet fuel,Vehicle & fuel,,801.71,Business transaction,212467.6
2025-06-07,Kings Cross Hotel - invoice 1378,Installation revenue,10567.21,,Business transaction,223034.81
2025-06-07,Kings Cross Hotel - invoice 1384,Service revenue,3421.71,,Business transaction,226456.52
2025-06-08,Wattle St body corporate - invoice 1367,Installation revenue,8981.26,,Business transaction,235437.78
2025-06-08,Google Ads,Marketing,,1350.69,Business transaction,234087.09
2025-06-09,Dunbar Family Trust - invoice 1360,Installation revenue,5341.65,,Business transaction,239428.74
2025-06-10,Parramatta Bakehouse - invoice 1363,Service revenue,3155.6,,Business transaction,242584.34
2025-06-10,Bunnings Trade,Materials,,6727.8,Business transaction,235856.54
2025-06-10,Vehicle servicing,Vehicle & fuel,,1450,Business transaction,234406.54
2025-06-11,St Leonards Physio - invoice 1382,Installation revenue,10046.21,,Business transaction,244452.75
2025-06-11,Refrigerant recovery unit,Equipment purchase,,14200,Business transaction,230252.75
2025-06-12,Electricity & water,Utilities,,657.2,Business transaction,229595.55
2025-06-14,Marrickville Brewery - invoice 1374,Installation revenue,10469.46,,Business transaction,240065.01
2025-06-14,Tradelink,Materials,,6124.95,Business transaction,233940.06
2025-06-14,Payroll fortnight A,Payroll,,16368.8,Business transaction,217571.26
2025-06-15,Wattle St body corporate - invoice 1371,Installation revenue,9210.9,,Business transaction,226782.16
2025-06-15,Ryde Council - invoice 1379,Service revenue,2224.82,,Business transaction,229006.98
2025-06-15,Subcontractor - refrigeration,Subcontractors,,4945.77,Business transaction,224061.21
2025-06-15,Ampol fleet fuel,Vehicle & fuel,,1065.51,Business transaction,222995.7
2025-06-16,St Leonards Physio - invoice 1369,Service revenue,3240.85,,Business transaction,226236.55
2025-06-17,Marrickville Brewery - invoice 1388,Service revenue,1811.95,,Business transaction,228048.5
2025-06-17,Office supplies & phone,Office & admin,,492.48,Business transaction,227556.02
2025-06-18,Harbourview Apartments - invoice 1365,Installation revenue,9370.79,,Business transaction,236926.81
2025-06-18,Kings Cross Hotel - invoice 1373,Service revenue,2180.3,,Business transaction,239107.11
2025-06-18,Lawrence & Hanson,Materials,,6225.54,Business transaction,232881.57
2025-06-19,Dunbar Family Trust - invoice 1364,Service revenue,2828.01,,Business transaction,235709.58
2025-06-20,Marrickville Brewery - monthly retainer,Maintenance contracts,4767.21,,Business transaction,240476.79
2025-06-21,Dunbar Family Trust - invoice 1387,Service revenue,4125.79,,Business transaction,244602.58
2025-06-22,Kings Cross Hotel - monthly retainer,Maintenance contracts,4767.21,,Business transaction,249369.79
2025-06-22,Actrol HVAC,Materials,,4217.09,Business transaction,245152.7
2025-06-22,Bookkeeper,Professional fees,,900,Business transaction,244252.7
2025-06-23,Parramatta Bakehouse - invoice 1368,Service revenue,1493.72,,Business transaction,245746.42
2025-06-23,Parramatta Bakehouse - invoice 1372,Service revenue,2025.56,,Business transaction,247771.98
2025-06-23,Marrickville Brewery - invoice 1381,Installation revenue,10682.95,,Business transaction,258454.93
2025-06-24,Ampol fleet fuel,Vehicle & fuel,,776.77,Business transaction,257678.16
2025-06-25,Wattle St body corporate - invoice 1366,Service revenue,1824.9,,Business transaction,259503.06
2025-06-27,Equipment finance - Ute loan,Loan repayment,,1320,Business transaction,258183.06
2025-06-28,Ryde Council - invoice 1361,Service revenue,4117.15,,Business transaction,262300.21
2025-06-28,Chatswood Childcare - invoice 1377,Installation revenue,5561.46,,Business transaction,267861.67
2025-06-28,Northshore Dental - monthly retainer,Maintenance contracts,4767.21,,Business transaction,272628.88
2025-06-28,Payroll fortnight B,Payroll,,16368.8,Business transaction,256260.08
2025-06-30,Owner drawings,Owner drawings,,7000,Business transaction,249260.08
2025-07-01,Dunbar Family Trust - invoice 1414,Installation revenue,4767.15,,Business transaction,254027.23
2025-07-01,Workshop rent - Artarmon,Rent,,6200,Business transaction,247827.23
2025-07-02,Wattle St body corporate - invoice 1402,Service revenue,4119.54,,Business transaction,251946.77
2025-07-02,Parramatta Bakehouse - invoice 1413,Installation revenue,7134.91,,Business transaction,259081.68
2025-07-02,Reece Plumbing,Materials,,7487.9,Business transaction,251593.78
2025-07-03,Public liability & fleet insurance,Insurance,,1850,Business transaction,249743.78
2025-07-04,Ryde Council - invoice 1403,Installation revenue,6671.94,,Business transaction,256415.72
2025-07-04,Harbourview Apartments - invoice 1424,Service revenue,3221.15,,Business transaction,259636.87
2025-07-05,St Leonards Physio - invoice 1410,Installation revenue,4643.25,,Business transaction,264280.12
2025-07-05,ServiceM8 + Xero + Google Workspace,Software,,480,Business transaction,263800.12
2025-07-06,Wattle St body corporate - monthly retainer,Maintenance contracts,5018.52,,Business transaction,268818.64
2025-07-06,Ryde Council - monthly retainer,Maintenance contracts,5018.52,,Business transaction,273837.16
2025-07-06,Middy's Electrical,Materials,,7511.37,Business transaction,266325.79
2025-07-06,Ampol fleet fuel,Vehicle & fuel,,1048.25,Business transaction,265277.54
2025-07-07,Chatswood Childcare - invoice 1405,Service revenue,1987.59,,Business transaction,267265.13
2025-07-07,Dunbar Family Trust - invoice 1407,Service revenue,3029.84,,Business transaction,270294.97
2025-07-07,Northshore Dental - invoice 1421,Service revenue,2466.59,,Business transaction,272761.56
2025-07-07,Ryde Council - invoice 1427,Installation revenue,6693.44,,Business transaction,279455
2025-07-08,Parramatta Bakehouse - invoice 1419,Installation revenue,8061.68,,Business transaction,287516.68
2025-07-08,Google Ads,Marketing,,1188.37,Business transaction,286328.31
2025-07-10,Dunbar Family Trust - monthly retainer,Maintenance contracts,5018.52,,Business transaction,291346.83
2025-07-10,Bunnings Trade,Materials,,6777.7,Business transaction,284569.13
2025-07-10,Vehicle servicing,Vehicle & fuel,,260,Business transaction,284309.13
2025-07-12,Parramatta Bakehouse - monthly retainer,Maintenance contracts,5018.52,,Business transaction,289327.65
2025-07-12,Northshore Dental - invoice 1412,Service revenue,2947.1,,Business transaction,292274.75
2025-07-12,Electricity & water,Utilities,,684.43,Business transaction,291590.32
2025-07-13,Harbourview Apartments - invoice 1420,Service revenue,2580.6,,Business transaction,294170.92
2025-07-14,Chatswood Childcare - invoice 1408,Installation revenue,7321.7,,Business transaction,301492.62
2025-07-14,Marrickville Brewery - invoice 1426,Installation revenue,8067.32,,Business transaction,309559.94
2025-07-14,Tradelink,Materials,,6919.4,Business transaction,302640.54
2025-07-14,Payroll fortnight A,Payroll,,16432,Business transaction,286208.54
2025-07-15,Marrickville Brewery - invoice 1401,Service revenue,2001.41,,Business transaction,288209.95
2025-07-15,Subcontractor - refrigeration,Subcontractors,,4930.3,Business transaction,283279.65
2025-07-15,Ampol fleet fuel,Vehicle & fuel,,977.14,Business transaction,282302.51
2025-07-15,Income tax instalment,Income tax,,9800,Business transaction,272502.51
2025-07-16,Parramatta Bakehouse - invoice 1425,Installation revenue,5445.68,,Business transaction,277948.19
2025-07-17,Office supplies & phone,Office & admin,,489.59,Business transaction,277458.6
2025-07-18,Dunbar Family Trust - invoice 1416,Installation revenue,6899.7,,Business transaction,284358.3
2025-07-18,Northshore Dental - invoice 1418,Installation revenue,7642.09,,Business transaction,292000.39
2025-07-18,Lawrence & Hanson,Materials,,6208.33,Business transaction,285792.06
2025-07-19,Parramatta Bakehouse - invoice 1423,Service revenue,4095.56,,Business transaction,289887.62
2025-07-22,Wattle St body corporate - invoice 1422,Service revenue,2150.81,,Business transaction,292038.43
2025-07-22,Actrol HVAC,Materials,,4180.15,Business transaction,287858.28
2025-07-22,Bookkeeper,Professional fees,,900,Business transaction,286958.28
2025-07-24,Ampol fleet fuel,Vehicle & fuel,,894.17,Business transaction,286064.11
2025-07-26,St Leonards Physio - invoice 1409,Installation revenue,4238.27,,Business transaction,290302.38
2025-07-26,Marrickville Brewery - invoice 1415,Service revenue,2790.01,,Business transaction,293092.39
2025-07-27,Kings Cross Hotel - invoice 1400,Service revenue,4374.96,,Business transaction,297467.35
2025-07-27,Equipment finance - Ute loan,Loan repayment,,1320,Business transaction,296147.35
2025-07-28,Payroll fortnight B,Payroll,,16432,Business transaction,279715.35
2025-07-30,Owner drawings,Owner drawings,,7000,Business transaction,272715.35
2025-08-01,Workshop rent - Artarmon,Rent,,6200,Business transaction,266515.35
2025-08-02,Wattle St body corporate - invoice 1450,Service revenue,1917.08,,Business transaction,268432.43
2025-08-02,Wattle St body corporate - invoice 1451,Installation revenue,4347.23,,Business transaction,272779.66
2025-08-02,Reece Plumbing,Materials,,6467.22,Business transaction,266312.44
2025-08-03,Wattle St body corporate - invoice 1455,Service revenue,1924.4,,Business transaction,268236.84
2025-08-03,Public liability & fleet insurance,Insurance,,1850,Business transaction,266386.84
2025-08-05,ServiceM8 + Xero + Google Workspace,Software,,480,Business transaction,265906.84
2025-08-06,Harbourview Apartments - invoice 1447,Installation revenue,6300.36,,Business transaction,272207.2
2025-08-06,Middy's Electrical,Materials,,7671.14,Business transaction,264536.06
2025-08-06,Ampol fleet fuel,Vehicle & fuel,,863.41,Business transaction,263672.65
2025-08-08,Google Ads,Marketing,,1343.37,Business transaction,262329.28
2025-08-09,Parramatta Bakehouse - invoice 1440,Installation revenue,10604.13,,Business transaction,272933.41
2025-08-10,Ryde Council - monthly retainer,Maintenance contracts,5146.16,,Business transaction,278079.57
2025-08-10,Bunnings Trade,Materials,,5169.07,Business transaction,272910.5
2025-08-10,Vehicle servicing,Vehicle & fuel,,260,Business transaction,272650.5
2025-08-12,Dunbar Family Trust - invoice 1443,Service revenue,1558.66,,Business transaction,274209.16
2025-08-12,Electricity & water,Utilities,,694.4,Business transaction,273514.76
2025-08-13,Wattle St body corporate - invoice 1452,Service revenue,3053.8,,Business transaction,276568.56
2025-08-13,Parramatta Bakehouse - monthly retainer,Maintenance contracts,5146.16,,Business transaction,281714.72
2025-08-14,Parramatta Bakehouse - invoice 1453,Installation revenue,11292.22,,Business transaction,293006.94
2025-08-14,Tradelink,Materials,,7728.59,Business transaction,285278.35
2025-08-14,Payroll fortnight A,Payroll,,16495.2,Business transaction,268783.15
2025-08-15,Subcontractor - refrigeration,Subcontractors,,5718.34,Business transaction,263064.81
2025-08-15,Ampol fleet fuel,Vehicle & fuel,,850.6,Business transaction,262214.21
2025-08-17,Wattle St body corporate - invoice 1444,Installation revenue,10469.8,,Business transaction,272684.01
2025-08-17,Office supplies & phone,Office & admin,,574.78,Business transaction,272109.23
2025-08-18,Kings Cross Hotel - invoice 1449,Installation revenue,11024.88,,Business transaction,283134.11
2025-08-18,Lawrence & Hanson,Materials,,4246.34,Business transaction,278887.77
2025-08-20,Dunbar Family Trust - invoice 1463,Service revenue,2324.49,,Business transaction,281212.26
2025-08-20,Term deposit interest,Interest income,658.52,,Business transaction,281870.78
2025-08-21,Northshore Dental - invoice 1456,Service revenue,3871.2,,Business transaction,285741.98
2025-08-22,St Leonards Physio - invoice 1448,Service revenue,2109.16,,Business transaction,287851.14
2025-08-22,Harbourview Apartments - invoice 1457,Service revenue,2762.53,,Business transaction,290613.67
2025-08-22,Actrol HVAC,Materials,,7573.44,Business transaction,283040.23
2025-08-22,Bookkeeper,Professional fees,,900,Business transaction,282140.23
2025-08-23,Kings Cross Hotel - invoice 1446,Service revenue,3027.87,,Business transaction,285168.1
2025-08-23,Ryde Council - invoice 1461,Service revenue,1723.52,,Business transaction,286891.62
2025-08-24,Ampol fleet fuel,Vehicle & fuel,,903.73,Business transaction,285987.89
2025-08-25,Kings Cross Hotel - monthly retainer,Maintenance contracts,5146.16,,Business transaction,291134.05
2025-08-26,Dunbar Family Trust - invoice 1442,Service revenue,3181.62,,Business transaction,294315.67
2025-08-27,Parramatta Bakehouse - invoice 1458,Service revenue,2894.18,,Business transaction,297209.85
2025-08-27,Ryde Council - invoice 1462,Service revenue,4510.46,,Business transaction,301720.31
2025-08-27,Equipment finance - Ute loan,Loan repayment,,1320,Business transaction,300400.31
2025-08-28,St Leonards Physio - invoice 1454,Service revenue,1665.21,,Business transaction,302065.52
2025-08-28,St Leonards Physio - invoice 1459,Service revenue,1720.75,,Business transaction,303786.27
2025-08-28,Payroll fortnight B,Payroll,,16495.2,Business transaction,287291.07
2025-08-28,BAS payment (GST net),GST/BAS,,4262.48,Business transaction,283028.59
2025-08-30,Owner drawings,Owner drawings,,7000,Business transaction,276028.59
2025-09-01,Kings Cross Hotel - invoice 1481,Installation revenue,7794.6,,Business transaction,283823.19
2025-09-01,Workshop rent - Artarmon,Rent,,6200,Business transaction,277623.19
2025-09-02,Northshore Dental - monthly retainer,Maintenance contracts,5126.06,,Business transaction,282749.25
2025-09-02,Reece Plumbing,Materials,,4115.45,Business transaction,278633.8
2025-09-03,Harbourview Apartments - invoice 1488,Installation revenue,8151.22,,Business transaction,286785.02
2025-09-03,Northshore Dental - invoice 1503,Service revenue,4763.25,,Business transaction,291548.27
2025-09-03,Public liability & fleet insurance,Insurance,,1850,Business transaction,289698.27
2025-09-04,Parramatta Bakehouse - monthly retainer,Maintenance contracts,5126.06,,Business transaction,294824.33
2025-09-05,Wattle St body corporate - invoice 1480,Service revenue,1516.23,,Business transaction,296340.56
2025-09-05,Kings Cross Hotel - invoice 1483,Installation revenue,10619.14,,Business transaction,306959.7
2025-09-05,ServiceM8 + Xero + Google Workspace,Software,,480,Business transaction,306479.7
2025-09-06,Chatswood Childcare - invoice 1498,Installation revenue,9607.11,,Business transaction,316086.81
2025-09-06,Dunbar Family Trust - invoice 1504,Service revenue,2007.88,,Business transaction,318094.69
2025-09-06,Middy's Electrical,Materials,,7029.03,Business transaction,311065.66
2025-09-06,Ampol fleet fuel,Vehicle & fuel,,853.81,Business transaction,310211.85
2025-09-08,Harbourview Apartments - monthly retainer,Maintenance contracts,5126.06,,Business transaction,315337.91
2025-09-08,Northshore Dental - invoice 1497,Installation revenue,7748.86,,Business transaction,323086.77
2025-09-08,Northshore Dental - monthly retainer,Maintenance contracts,5126.06,,Business transaction,328212.83
2025-09-08,Google Ads,Marketing,,1508.67,Business transaction,326704.16
2025-09-09,Harbourview Apartments - invoice 1491,Service revenue,2326.56,,Business transaction,329030.72
2025-09-09,Dunbar Family Trust - invoice 1502,Service revenue,2405.26,,Business transaction,331435.98
2025-09-10,Bunnings Trade,Materials,,6393.32,Business transaction,325042.66
2025-09-10,Vehicle servicing,Vehicle & fuel,,1450,Business transaction,323592.66
2025-09-12,Electricity & water,Utilities,,684.43,Business transaction,322908.23
2025-09-13,Harbourview Apartments - invoice 1485,Installation revenue,5303.43,,Business transaction,328211.66
2025-09-13,Wattle St body corporate - invoice 1495,Installation revenue,8065.58,,Business transaction,336277.24
2025-09-14,Ryde Council - invoice 1482,Installation revenue,9526.77,,Business transaction,345804.01
2025-09-14,Parramatta Bakehouse - invoice 1490,Installation revenue,6170.61,,Business transaction,351974.62
2025-09-14,Tradelink,Materials,,3755.51,Business transaction,348219.11
2025-09-14,Payroll fortnight A,Payroll,,16558.4,Business transaction,331660.71
2025-09-15,Subcontractor - refrigeration,Subcontractors,,8055.85,Business transaction,323604.86
2025-09-15,Ampol fleet fuel,Vehicle & fuel,,989.51,Business transaction,322615.35
2025-09-16,Dunbar Family Trust - monthly retainer,Maintenance contracts,5126.06,,Business transaction,327741.41
2025-09-17,Office supplies & phone,Office & admin,,442.76,Business transaction,327298.65
2025-09-18,Lawrence & Hanson,Materials,,3805.99,Business transaction,323492.66
2025-09-22,Actrol HVAC,Materials,,3820,Business transaction,319672.66
2025-09-22,Bookkeeper,Professional fees,,900,Business transaction,318772.66
2025-09-24,Ampol fleet fuel,Vehicle & fuel,,781.07,Business transaction,317991.59
2025-09-25,St Leonards Physio - invoice 1506,Installation revenue,5450.12,,Business transaction,323441.71
2025-09-25,St Leonards Physio - invoice 1507,Installation revenue,4857.18,,Business transaction,328298.89
2025-09-26,Parramatta Bakehouse - invoice 1493,Service revenue,1940.51,,Business transaction,330239.4
2025-09-26,Kings Cross Hotel - invoice 1496,Service revenue,1769.46,,Business transaction,332008.86
2025-09-27,St Leonards Physio - monthly retainer,Maintenance contracts,5126.06,,Business transaction,337134.92
2025-09-27,Parramatta Bakehouse - invoice 1494,Installation revenue,8928.14,,Business transaction,346063.06
2025-09-27,Kings Cross Hotel - invoice 1501,Service revenue,4137.61,,Business transaction,350200.67
2025-09-27,Equipment finance - Ute loan,Loan repayment,,1320,Business transaction,348880.67
2025-09-28,Kings Cross Hotel - invoice 1484,Service revenue,3116.03,,Business transaction,351996.7
2025-09-28,Chatswood Childcare - invoice 1489,Installation revenue,4967.67,,Business transaction,356964.37
2025-09-28,Payroll fortnight B,Payroll,,16558.4,Business transaction,340405.97
2025-09-30,Owner drawings,Owner drawings,,7000,Business transaction,333405.97
2025-10-01,Kings Cross Hotel - monthly retainer,Maintenance contracts,4973.74,,Business transaction,338379.71
2025-10-01,Workshop rent - Artarmon,Rent,,6200,Business transaction,332179.71
2025-10-02,Reece Plumbing,Materials,,3440.21,Business transaction,328739.5
2025-10-03,Marrickville Brewery - invoice 1536,Installation revenue,5913.39,,Business transaction,334652.89
2025-10-03,Public liability & fleet insurance,Insurance,,1850,Business transaction,332802.89
2025-10-04,Ryde Council - invoice 1521,Service revenue,2475.51,,Business transaction,335278.4
2025-10-04,Chatswood Childcare - invoice 1526,Service revenue,3746.55,,Business transaction,339024.95
2025-10-04,Ryde Council - invoice 1541,Service revenue,4011.93,,Business transaction,343036.88
2025-10-05,ServiceM8 + Xero + Google Workspace,Software,,480,Business transaction,342556.88
2025-10-06,Middy's Electrical,Materials,,3805.94,Business transaction,338750.94
2025-10-06,Ampol fleet fuel,Vehicle & fuel,,919.04,Business transaction,337831.9
2025-10-08,Google Ads,Marketing,,1262.18,Business transaction,336569.72
2025-10-09,Ryde Council - invoice 1520,Installation revenue,6129.38,,Business transaction,342699.1
2025-10-10,Harbourview Apartments - invoice 1530,Installation revenue,6647.06,,Business transaction,349346.16
2025-10-10,Dunbar Family Trust - monthly retainer,Maintenance contracts,4973.74,,Business transaction,354319.9
2025-10-10,Bunnings Trade,Materials,,7415.49,Business transaction,346904.41
2025-10-10,Vehicle servicing,Vehicle & fuel,,260,Business transaction,346644.41
2025-10-12,Harbourview Apartments - invoice 1529,Service revenue,4445.9,,Business transaction,351090.31
2025-10-12,Electricity & water,Utilities,,657.2,Business transaction,350433.11
2025-10-13,Harbourview Apartments - invoice 1540,Service revenue,1608.38,,Business transaction,352041.49
2025-10-14,Tradelink,Materials,,3509.5,Business transaction,348531.99
2025-10-14,Payroll fortnight A,Payroll,,16621.6,Business transaction,331910.39
2025-10-15,Wattle St body corporate - monthly retainer,Maintenance contracts,4973.74,,Business transaction,336884.13
2025-10-15,Chatswood Childcare - invoice 1533,Installation revenue,10709.65,,Business transaction,347593.78
2025-10-15,Subcontractor - refrigeration,Subcontractors,,5127.34,Business transaction,342466.44
2025-10-15,Ampol fleet fuel,Vehicle & fuel,,917.84,Business transaction,341548.6
2025-10-17,Kings Cross Hotel - monthly retainer,Maintenance contracts,4973.74,,Business transaction,346522.34
2025-10-17,Office supplies & phone,Office & admin,,514.06,Business transaction,346008.28
2025-10-18,Harbourview Apartments - invoice 1539,Installation revenue,6425.88,,Business transaction,352434.16
2025-10-18,Lawrence & Hanson,Materials,,6788.11,Business transaction,345646.05
2025-10-20,Wattle St body corporate - invoice 1522,Installation revenue,9035.98,,Business transaction,354682.03
2025-10-20,Wattle St body corporate - invoice 1523,Service revenue,2912.74,,Business transaction,357594.77
2025-10-20,Harbourview Apartments - invoice 1538,Installation revenue,7571.82,,Business transaction,365166.59
2025-10-22,Actrol HVAC,Materials,,4377.84,Business transaction,360788.75
2025-10-22,Bookkeeper,Professional fees,,900,Business transaction,359888.75
2025-10-24,Dunbar Family Trust - monthly retainer,Maintenance contracts,4973.74,,Business transaction,364862.49
2025-10-24,Ampol fleet fuel,Vehicle & fuel,,1075.5,Business transaction,363786.99
2025-10-25,St Leonards Physio - invoice 1535,Service revenue,4017.53,,Business transaction,367804.52
2025-10-26,Wattle St body corporate - monthly retainer,Maintenance contracts,4973.74,,Business transaction,372778.26
2025-10-27,Harbourview Apartments - invoice 1525,Installation revenue,7752.69,,Business transaction,380530.95
2025-10-27,Equipment finance - Ute loan,Loan repayment,,1320,Business transaction,379210.95
2025-10-28,Kings Cross Hotel - invoice 1534,Service revenue,4099.08,,Business transaction,383310.03
2025-10-28,Payroll fortnight B,Payroll,,16621.6,Business transaction,366688.43
2025-10-30,Owner drawings,Owner drawings,,7000,Business transaction,359688.43
2025-11-01,Workshop rent - Artarmon,Rent,,6200,Business transaction,353488.43
2025-11-02,Reece Plumbing,Materials,,3262.62,Business transaction,350225.81
2025-11-03,Harbourview Apartments - invoice 1573,Service revenue,2125.59,,Business transaction,352351.4
2025-11-03,Public liability & fleet insurance,Insurance,,1850,Business transaction,350501.4
2025-11-04,Kings Cross Hotel - invoice 1577,Installation revenue,6694.77,,Business transaction,357196.17
2025-11-05,Wattle St body corporate - invoice 1561,Installation revenue,7418.12,,Business transaction,364614.29
2025-11-05,Marrickville Brewery - invoice 1568,Installation revenue,5961.05,,Business transaction,370575.34
2025-11-05,Harbourview Apartments - invoice 1574,Service revenue,2802.6,,Business transaction,373377.94
2025-11-05,ServiceM8 + Xero + Google Workspace,Software,,480,Business transaction,372897.94
2025-11-06,Kings Cross Hotel - invoice 1586,Installation revenue,5314.58,,Business transaction,378212.52
2025-11-06,Middy's Electrical,Materials,,4321.38,Business transaction,373891.14
2025-11-06,Ampol fleet fuel,Vehicle & fuel,,989.83,Business transaction,372901.31
2025-11-07,Ryde Council - invoice 1567,Service revenue,2756.92,,Business transaction,375658.23
2025-11-08,Dunbar Family Trust - monthly retainer,Maintenance contracts,3413.46,,Business transaction,379071.69
2025-11-08,Google Ads,Marketing,,1298.47,Business transaction,377773.22
2025-11-09,Wattle St body corporate - invoice 1575,Installation revenue,4834.38,,Business transaction,382607.6
2025-11-10,Bunnings Trade,Materials,,4149.84,Business transaction,378457.76
2025-11-10,Vehicle servicing,Vehicle & fuel,,260,Business transaction,378197.76
2025-11-11,Ryde Council - invoice 1578,Service revenue,1861.8,,Business transaction,380059.56
2025-11-12,Wattle St body corporate - invoice 1566,Installation revenue,5787.84,,Business transaction,385847.4
2025-11-12,Electricity & water,Utilities,,620,Business transaction,385227.4
2025-11-13,St Leonards Physio - invoice 1583,Service revenue,3061.92,,Business transaction,388289.32
2025-11-14,Wattle St body corporate - invoice 1560,Service revenue,2321.58,,Business transaction,390610.9
2025-11-14,Parramatta Bakehouse - invoice 1579,Service revenue,1058.38,,Business transaction,391669.28
2025-11-14,Tradelink,Materials,,5076.85,Business transaction,386592.43
2025-11-14,Payroll fortnight A,Payroll,,16684.8,Business transaction,369907.63
2025-11-15,Northshore Dental - invoice 1584,Service revenue,1538.19,,Business transaction,371445.82
2025-11-15,Subcontractor - refrigeration,Subcontractors,,3803.26,Business transaction,367642.56
2025-11-15,Ampol fleet fuel,Vehicle & fuel,,1006.76,Business transaction,366635.8
2025-11-17,Wattle St body corporate - monthly retainer,Maintenance contracts,3413.46,,Business transaction,370049.26
2025-11-17,Office supplies & phone,Office & admin,,555.52,Business transaction,369493.74
2025-11-18,Wattle St body corporate - invoice 1572,Installation revenue,4200.28,,Business transaction,373694.02
2025-11-18,Lawrence & Hanson,Materials,,3538.54,Business transaction,370155.48
2025-11-19,Parramatta Bakehouse - invoice 1563,Service revenue,2165.54,,Business transaction,372321.02
2025-11-21,Harbourview Apartments - invoice 1576,Installation revenue,5957.3,,Business transaction,378278.32
2025-11-22,Dunbar Family Trust - invoice 1569,Installation revenue,6732.07,,Business transaction,385010.39
2025-11-22,Actrol HVAC,Materials,,2910.57,Business transaction,382099.82
2025-11-22,Bookkeeper,Professional fees,,900,Business transaction,381199.82
2025-11-23,Dunbar Family Trust - monthly retainer,Maintenance contracts,3413.46,,Business transaction,384613.28
2025-11-24,Parramatta Bakehouse - invoice 1564,Installation revenue,2908.83,,Business transaction,387522.11
2025-11-24,Ampol fleet fuel,Vehicle & fuel,,897.04,Business transaction,386625.07
2025-11-26,Dunbar Family Trust - invoice 1571,Service revenue,2361.5,,Business transaction,388986.57
2025-11-26,Ryde Council - invoice 1581,Installation revenue,5331.15,,Business transaction,394317.72
2025-11-26,Wattle St body corporate - invoice 1582,Service revenue,2917.68,,Business transaction,397235.4
2025-11-27,Equipment finance - Ute loan,Loan repayment,,1320,Business transaction,395915.4
2025-11-28,Ryde Council - invoice 1565,Service revenue,3057.28,,Business transaction,398972.68
2025-11-28,Ryde Council - invoice 1580,Installation revenue,4979.84,,Business transaction,403952.52
2025-11-28,Payroll fortnight B,Payroll,,16684.8,Business transaction,387267.72
2025-11-28,BAS payment (GST net),GST/BAS,,2827.31,Business transaction,384440.41
2025-11-30,Owner drawings,Owner drawings,,7000,Business transaction,377440.41
2025-12-01,Chatswood Childcare - invoice 1610,Service revenue,1345.1,,Business transaction,378785.51
2025-12-01,Workshop rent - Artarmon,Rent,,6200,Business transaction,372585.51
2025-12-02,St Leonards Physio - invoice 1613,Service revenue,3552.88,,Business transaction,376138.39
2025-12-02,Reece Plumbing,Materials,,4550.68,Business transaction,371587.71
2025-12-03,Dunbar Family Trust - invoice 1617,Installation revenue,7124.8,,Business transaction,378712.51
2025-12-03,Public liability & fleet insurance,Insurance,,1850,Business transaction,376862.51
2025-12-05,Wattle St body corporate - invoice 1608,Service revenue,4094.21,,Business transaction,380956.72
2025-12-05,Dunbar Family Trust - invoice 1618,Service revenue,2151.8,,Business transaction,383108.52
2025-12-05,ServiceM8 + Xero + Google Workspace,Software,,480,Business transaction,382628.52
2025-12-06,Middy's Electrical,Materials,,4796.32,Business transaction,377832.2
2025-12-06,Ampol fleet fuel,Vehicle & fuel,,838.07,Business transaction,376994.13
2025-12-08,Marrickville Brewery - invoice 1602,Service revenue,2366.66,,Business transaction,379360.79
2025-12-08,Marrickville Brewery - monthly retainer,Maintenance contracts,4502.24,,Business transaction,383863.03
2025-12-08,Ryde Council - invoice 1623,Installation revenue,6818.56,,Business transaction,390681.59
2025-12-08,Google Ads,Marketing,,1665.49,Business transaction,389016.1
2025-12-10,Chatswood Childcare - invoice 1605,Service revenue,2396.88,,Business transaction,391412.98
2025-12-10,Parramatta Bakehouse - invoice 1622,Service revenue,2666.84,,Business transaction,394079.82
2025-12-10,Bunnings Trade,Materials,,3545.23,Business transaction,390534.59
2025-12-10,Vehicle servicing,Vehicle & fuel,,1450,Business transaction,389084.59
2025-12-12,Parramatta Bakehouse - invoice 1604,Installation revenue,7901.6,,Business transaction,396986.19
2025-12-12,Ryde Council - invoice 1619,Service revenue,3900.6,,Business transaction,400886.79
2025-12-12,Electricity & water,Utilities,,582.8,Business transaction,400303.99
2025-12-14,Tradelink,Materials,,3233.15,Business transaction,397070.84
2025-12-14,Payroll fortnight A,Payroll,,16748,Business transaction,380322.84
2025-12-15,Ryde Council - invoice 1616,Installation revenue,7976.75,,Business transaction,388299.59
2025-12-15,Subcontractor - refrigeration,Subcontractors,,4206.49,Business transaction,384093.1
2025-12-15,Ampol fleet fuel,Vehicle & fuel,,806.91,Business transaction,383286.19
2025-12-16,Dunbar Family Trust - invoice 1614,Installation revenue,5442.53,,Business transaction,388728.72
2025-12-17,Office supplies & phone,Office & admin,,389.93,Business transaction,388338.79
2025-12-18,Lawrence & Hanson,Materials,,3767.65,Business transaction,384571.14
2025-12-19,Ryde Council - invoice 1601,Installation revenue,8919.26,,Business transaction,393490.4
2025-12-21,Wattle St body corporate - invoice 1603,Service revenue,2377.37,,Business transaction,395867.77
2025-12-21,Ryde Council - invoice 1607,Service revenue,3881.3,,Business transaction,399749.07
2025-12-21,Marrickville Brewery - invoice 1615,Service revenue,1710.22,,Business transaction,401459.29
2025-12-22,Actrol HVAC,Materials,,4763.64,Business transaction,396695.65
2025-12-22,Bookkeeper,Professional fees,,900,Business transaction,395795.65
2025-12-24,Marrickville Brewery - invoice 1620,Installation revenue,6544.88,,Business transaction,402340.53
2025-12-24,Ampol fleet fuel,Vehicle & fuel,,928.6,Business transaction,401411.93
2025-12-26,St Leonards Physio - invoice 1600,Service revenue,2921.45,,Business transaction,404333.38
2025-12-27,Northshore Dental - invoice 1611,Installation revenue,9303.72,,Business transaction,413637.1
2025-12-27,Ryde Council - monthly retainer,Maintenance contracts,4502.24,,Business transaction,418139.34
2025-12-27,Marrickville Brewery - invoice 1621,Service revenue,4024.7,,Business transaction,422164.04
2025-12-27,Equipment finance - Ute loan,Loan repayment,,1320,Business transaction,420844.04
2025-12-28,Marrickville Brewery - invoice 1609,Service revenue,1810.83,,Business transaction,422654.87
2025-12-28,Payroll fortnight B,Payroll,,16748,Business transaction,405906.87
2025-12-30,Owner drawings,Owner drawings,,7000,Business transaction,398906.87
2026-01-01,Ryde Council - monthly retainer,Maintenance contracts,4335.51,,Business transaction,403242.38
2026-01-01,Workshop rent - Artarmon,Rent,,6200,Business transaction,397042.38
2026-01-02,Ryde Council - monthly retainer,Maintenance contracts,4335.51,,Business transaction,401377.89
2026-01-02,Reece Plumbing,Materials,,4751.32,Business transaction,396626.57
2026-01-03,St Leonards Physio - invoice 1657,Service revenue,2474.56,,Business transaction,399101.13
2026-01-03,Public liability & fleet insurance,Insurance,,1850,Business transaction,397251.13
2026-01-04,Dunbar Family Trust - invoice 1659,Service revenue,3845.01,,Business transaction,401096.14
2026-01-05,ServiceM8 + Xero + Google Workspace,Software,,800,Business transaction,400296.14
2026-01-06,Kings Cross Hotel - invoice 1646,Service revenue,1680.14,,Business transaction,401976.28
2026-01-06,Parramatta Bakehouse - invoice 1647,Service revenue,4012.94,,Business transaction,405989.22
2026-01-06,Marrickville Brewery - invoice 1654,Installation revenue,6171.77,,Business transaction,412160.99
2026-01-06,Middy's Electrical,Materials,,6597.54,Business transaction,405563.45
2026-01-06,Ampol fleet fuel,Vehicle & fuel,,862.54,Business transaction,404700.91
2026-01-07,Dunbar Family Trust - invoice 1644,Installation revenue,7908.21,,Business transaction,412609.12
2026-01-07,Chatswood Childcare - monthly retainer,Maintenance contracts,4335.51,,Business transaction,416944.63
2026-01-07,Wattle St body corporate - invoice 1652,Service revenue,1962.59,,Business transaction,418907.22
2026-01-07,St Leonards Physio - invoice 1662,Service revenue,2950.91,,Business transaction,421858.13
2026-01-08,Kings Cross Hotel - invoice 1640,Service revenue,1533.29,,Business transaction,423391.42
2026-01-08,Google Ads,Marketing,,1568.88,Business transaction,421822.54
2026-01-09,Dunbar Family Trust - invoice 1643,Service revenue,1523.79,,Business transaction,423346.33
2026-01-10,Northshore Dental - invoice 1641,Installation revenue,9603.12,,Business transaction,432949.45
2026-01-10,Bunnings Trade,Materials,,6646.12,Business transaction,426303.33
2026-01-10,Vehicle servicing,Vehicle & fuel,,260,Business transaction,426043.33
2026-01-12,Kings Cross Hotel - invoice 1663,Service revenue,1866.69,,Business transaction,427910.02
2026-01-12,Electricity & water,Utilities,,555.57,Business transaction,427354.45
2026-01-13,Harbourview Apartments - invoice 1656,Service revenue,2774.06,,Business transaction,430128.51
2026-01-14,Harbourview Apartments - monthly retainer,Maintenance contracts,4335.51,,Business transaction,434464.02
2026-01-14,Tradelink,Materials,,5809.74,Business transaction,428654.28
2026-01-14,Payroll fortnight A,Payroll,,16811.2,Business transaction,411843.08
2026-01-15,Subcontractor - refrigeration,Subcontractors,,6449.99,Business transaction,405393.09
2026-01-15,Ampol fleet fuel,Vehicle & fuel,,965.37,Business transaction,404427.72
2026-01-17,Office supplies & phone,Office & admin,,443.6,Business transaction,403984.12
2026-01-18,Parramatta Bakehouse - invoice 1648,Installation revenue,7685.03,,Business transaction,411669.15
2026-01-18,Lawrence & Hanson,Materials,,5038.68,Business transaction,406630.47
2026-01-19,Harbourview Apartments - invoice 1665,Service revenue,1441.96,,Business transaction,408072.43
2026-01-19,Ute repair after collision,Vehicle & fuel,,8900,Business transaction,399172.43
2026-01-20,Northshore Dental - invoice 1658,Installation revenue,3398.21,,Business transaction,402570.64
2026-01-20,Parramatta Bakehouse - invoice 1666,Installation revenue,3287.54,,Business transaction,405858.18
2026-01-22,Wattle St body corporate - invoice 1660,Service revenue,1929.38,,Business transaction,407787.56
2026-01-22,Actrol HVAC,Materials,,3620.89,Business transaction,404166.67
2026-01-22,Bookkeeper,Professional fees,,900,Business transaction,403266.67
2026-01-24,Dunbar Family Trust - invoice 1642,Service revenue,1546.43,,Business transaction,404813.1
2026-01-24,Marrickville Brewery - invoice 1655,Installation revenue,4446.96,,Business transaction,409260.06
2026-01-24,Ampol fleet fuel,Vehicle & fuel,,918.42,Business transaction,408341.64
2026-01-26,Northshore Dental - invoice 1645,Service revenue,1936.14,,Business transaction,410277.78
2026-01-27,St Leonards Physio - invoice 1661,Installation revenue,9318.65,,Business transaction,419596.43
2026-01-27,Equipment finance - Ute loan,Loan repayment,,1320,Business transaction,418276.43
2026-01-28,Chatswood Childcare - invoice 1650,Installation revenue,7744.51,,Business transaction,426020.94
2026-01-28,Payroll fortnight B,Payroll,,16811.2,Business transaction,409209.74
2026-01-30,Owner drawings,Owner drawings,,7000,Business transaction,402209.74
2026-02-01,Wattle St body corporate - invoice 1681,Installation revenue,7954.53,,Business transaction,410164.27
2026-02-01,Ryde Council - invoice 1685,Installation revenue,6302.57,,Business transaction,416466.84
2026-02-01,Dunbar Family Trust - monthly retainer,Maintenance contracts,4300.59,,Business transaction,420767.43
2026-02-01,Workshop rent - Artarmon,Rent,,6200,Business transaction,414567.43
2026-02-02,Northshore Dental - monthly retainer,Maintenance contracts,4300.59,,Business transaction,418868.02
2026-02-02,Marrickville Brewery - invoice 1698,Service revenue,2899.5,,Business transaction,421767.52
2026-02-02,Reece Plumbing,Materials,,3843.06,Business transaction,417924.46
2026-02-03,Ryde Council - invoice 1693,Service revenue,2049.75,,Business transaction,419974.21
2026-02-03,Parramatta Bakehouse - invoice 1701,Service revenue,2293.64,,Business transaction,422267.85
2026-02-03,Public liability & fleet insurance,Insurance,,1850,Business transaction,420417.85
2026-02-04,Marrickville Brewery - invoice 1686,Service revenue,1900.37,,Business transaction,422318.22
2026-02-05,ServiceM8 + Xero + Google Workspace,Software,,800,Business transaction,421518.22
2026-02-06,Middy's Electrical,Materials,,5368.45,Business transaction,416149.77
2026-02-06,Ampol fleet fuel,Vehicle & fuel,,876.86,Business transaction,415272.91
2026-02-08,Google Ads,Marketing,,1225.7,Business transaction,414047.21
2026-02-09,Harbourview Apartments - monthly retainer,Maintenance contracts,4300.59,,Business transaction,418347.8
2026-02-10,Marrickville Brewery - invoice 1690,Installation revenue,6803.96,,Business transaction,425151.76
2026-02-10,Ryde Council - invoice 1699,Installation revenue,6521.26,,Business transaction,431673.02
2026-02-10,Bunnings Trade,Materials,,4917.53,Business transaction,426755.49
2026-02-10,Vehicle servicing,Vehicle & fuel,,260,Business transaction,426495.49
2026-02-11,Dunbar Family Trust - monthly retainer,Maintenance contracts,4300.59,,Business transaction,430796.08
2026-02-12,Electricity & water,Utilities,,545.6,Business transaction,430250.48
2026-02-13,Dunbar Family Trust - invoice 1684,Installation revenue,3312.84,,Business transaction,433563.32
2026-02-14,Tradelink,Materials,,5514.91,Business transaction,428048.41
2026-02-14,Payroll fortnight A,Payroll,,16874.4,Business transaction,411174.01
2026-02-15,Subcontractor - refrigeration,Subcontractors,,5063.71,Business transaction,406110.3
2026-02-15,Ampol fleet fuel,Vehicle & fuel,,788.98,Business transaction,405321.32
2026-02-17,Kings Cross Hotel - monthly retainer,Maintenance contracts,4300.59,,Business transaction,409621.91
2026-02-17,Office supplies & phone,Office & admin,,388.76,Business transaction,409233.15
2026-02-18,Harbourview Apartments - invoice 1692,Installation revenue,7304.15,,Business transaction,416537.3
2026-02-18,Lawrence & Hanson,Materials,,4646.04,Business transaction,411891.26
2026-02-20,Ryde Council - invoice 1700,Installation revenue,8870.41,,Business transaction,420761.67
2026-02-20,Term deposit interest,Interest income,646.59,,Business transaction,421408.26
2026-02-21,Wattle St body corporate - invoice 1688,Installation revenue,3280.76,,Business transaction,424689.02
2026-02-21,Marrickville Brewery - invoice 1703,Installation revenue,9072.75,,Business transaction,433761.77
2026-02-22,Actrol HVAC,Materials,,6136.07,Business transaction,427625.7
2026-02-22,Bookkeeper,Professional fees,,900,Business transaction,426725.7
2026-02-24,Ampol fleet fuel,Vehicle & fuel,,1072.52,Business transaction,425653.18
2026-02-25,St Leonards Physio - invoice 1682,Service revenue,1560.32,,Business transaction,427213.5
2026-02-27,Marrickville Brewery - invoice 1695,Installation revenue,4124,,Business transaction,431337.5
2026-02-27,Equipment finance - Ute loan,Loan repayment,,1320,Business transaction,430017.5
2026-02-28,Parramatta Bakehouse - invoice 1680,Service revenue,3983.59,,Business transaction,434001.09
2026-02-28,Northshore Dental - invoice 1687,Installation revenue,7698.86,,Business transaction,441699.95
2026-02-28,Northshore Dental - invoice 1696,Service revenue,1858.91,,Business transaction,443558.86
2026-02-28,Marrickville Brewery - invoice 1702,Installation revenue,6758.64,,Business transaction,450317.5
2026-02-28,Payroll fortnight B,Payroll,,16874.4,Business transaction,433443.1
2026-02-28,BAS payment (GST net),GST/BAS,,3562.11,Business transaction,429880.99
2026-02-28,Owner drawings,Owner drawings,,7000,Business transaction,422880.99
2026-03-01,Ryde Council - invoice 1733,Service revenue,3906.01,,Business transaction,426787
2026-03-01,Workshop rent - Artarmon,Rent,,6200,Business transaction,420587
2026-03-02,St Leonards Physio - invoice 1721,Service revenue,1793.74,,Business transaction,422380.74
2026-03-02,Reece Plumbing,Materials,,6128.04,Business transaction,416252.7
2026-03-03,Public liability & fleet insurance,Insurance,,1850,Business transaction,414402.7
2026-03-05,Harbourview Apartments - invoice 1723,Service revenue,2580.78,,Business transaction,416983.48
2026-03-05,Wattle St body corporate - invoice 1724,Installation revenue,4103.7,,Business transaction,421087.18
2026-03-05,Kings Cross Hotel - invoice 1725,Service revenue,1852.43,,Business transaction,422939.61
2026-03-05,ServiceM8 + Xero + Google Workspace,Software,,800,Business transaction,422139.61
2026-03-06,Northshore Dental - invoice 1736,Service revenue,2238.75,,Business transaction,424378.36
2026-03-06,Northshore Dental - invoice 1737,Service revenue,3078.6,,Business transaction,427456.96
2026-03-06,Middy's Electrical,Materials,,9272.73,Business transaction,418184.23
2026-03-06,Ampol fleet fuel,Vehicle & fuel,,940.18,Business transaction,417244.05
2026-03-07,Marrickville Brewery - monthly retainer,Maintenance contracts,4422.81,,Business transaction,421666.86
2026-03-07,Wattle St body corporate - monthly retainer,Maintenance contracts,4422.81,,Business transaction,426089.67
2026-03-08,Google Ads,Marketing,,1286.67,Business transaction,424803
2026-03-09,St Leonards Physio - monthly retainer,Maintenance contracts,4422.81,,Business transaction,429225.81
2026-03-10,Ryde Council - invoice 1741,Service revenue,3620.62,,Business transaction,432846.43
2026-03-10,Bunnings Trade,Materials,,7051.73,Business transaction,425794.7
2026-03-10,Vehicle servicing,Vehicle & fuel,,1450,Business transaction,424344.7
2026-03-11,Marrickville Brewery - invoice 1726,Service revenue,3715.63,,Business transaction,428060.33
2026-03-12,Chatswood Childcare - invoice 1745,Service revenue,3870.52,,Business transaction,431930.85
2026-03-12,Electricity & water,Utilities,,555.57,Business transaction,431375.28
2026-03-14,Tradelink,Materials,,11598.01,Business transaction,419777.27
2026-03-14,Payroll fortnight A,Payroll,,16937.6,Business transaction,402839.67
2026-03-15,Subcontractor - refrigeration,Subcontractors,,6408.17,Business transaction,396431.5
2026-03-15,Ampol fleet fuel,Vehicle & fuel,,851.24,Business transaction,395580.26
2026-03-16,Parramatta Bakehouse - invoice 1727,Service revenue,1251.94,,Business transaction,396832.2
2026-03-16,Marrickville Brewery - invoice 1731,Service revenue,2942.28,,Business transaction,399774.48
2026-03-16,St Leonards Physio - invoice 1744,Installation revenue,6270,,Business transaction,406044.48
2026-03-17,Wattle St body corporate - invoice 1735,Service revenue,3586.62,,Business transaction,409631.1
2026-03-17,Dunbar Family Trust - invoice 1740,Installation revenue,4642.81,,Business transaction,414273.91
2026-03-17,Office supplies & phone,Office & admin,,566.21,Business transaction,413707.7
2026-03-18,Lawrence & Hanson,Materials,,11521.85,Business transaction,402185.85
2026-03-20,Wattle St body corporate - invoice 1742,Installation revenue,9733.97,,Business transaction,411919.82
2026-03-22,Actrol HVAC,Materials,,7765.44,Business transaction,404154.38
2026-03-22,Bookkeeper,Professional fees,,900,Business transaction,403254.38
2026-03-23,Chatswood Childcare - monthly retainer,Maintenance contracts,4422.81,,Business transaction,407677.19
2026-03-24,Ryde Council - invoice 1722,Service revenue,1297.84,,Business transaction,408975.03
2026-03-24,Ampol fleet fuel,Vehicle & fuel,,976.07,Business transaction,407998.96
2026-03-25,Parramatta Bakehouse - invoice 1738,Service revenue,2099.59,,Business transaction,410098.55
2026-03-25,Parramatta Bakehouse - invoice 1739,Installation revenue,8471.45,,Business transaction,418570
2026-03-25,St Leonards Physio - monthly retainer,Maintenance contracts,4422.81,,Business transaction,422992.81
2026-03-26,Parramatta Bakehouse - invoice 1720,Installation revenue,7868.97,,Business transaction,430861.78
2026-03-27,St Leonards Physio - invoice 1734,Installation revenue,7310.96,,Business transaction,438172.74
2026-03-27,Equipment finance - Ute loan,Loan repayment,,1320,Business transaction,436852.74
2026-03-28,Wattle St body corporate - invoice 1730,Service revenue,1581.96,,Business transaction,438434.7
2026-03-28,Payroll fortnight B,Payroll,,16937.6,Business transaction,421497.1
2026-03-30,Owner drawings,Owner drawings,,7000,Business transaction,414497.1
2026-04-01,Ryde Council - invoice 1766,Service revenue,3048.58,,Business transaction,417545.68
2026-04-01,Workshop rent - Artarmon,Rent,,6200,Business transaction,411345.68
2026-04-02,Northshore Dental - invoice 1763,Installation revenue,8990.48,,Business transaction,420336.16
2026-04-02,Reece Plumbing,Materials,,3629.6,Business transaction,416706.56
2026-04-03,Public liability & fleet insurance,Insurance,,1850,Business transaction,414856.56
2026-04-05,Chatswood Childcare - invoice 1785,Service revenue,3134.11,,Business transaction,417990.67
2026-04-05,ServiceM8 + Xero + Google Workspace,Software,,800,Business transaction,417190.67
2026-04-06,Middy's Electrical,Materials,,4797.59,Business transaction,412393.08
2026-04-06,Ampol fleet fuel,Vehicle & fuel,,996.72,Business transaction,411396.36
2026-04-08,Northshore Dental - invoice 1773,Installation revenue,5766.77,,Business transaction,417163.13
2026-04-08,Google Ads,Marketing,,1176.04,Business transaction,415987.09
2026-04-09,Harbourview Apartments - monthly retainer,Maintenance contracts,4685.38,,Business transaction,420672.47
2026-04-09,Marrickville Brewery - invoice 1779,Service revenue,1345.37,,Business transaction,422017.84
2026-04-09,Ryde Council - invoice 1786,Installation revenue,6478.46,,Business transaction,428496.3
2026-04-10,St Leonards Physio - invoice 1780,Installation revenue,7697.09,,Business transaction,436193.39
2026-04-10,Bunnings Trade,Materials,,4217.65,Business transaction,431975.74
2026-04-10,Vehicle servicing,Vehicle & fuel,,260,Business transaction,431715.74
2026-04-12,Wattle St body corporate - monthly retainer,Maintenance contracts,4685.38,,Business transaction,436401.12
2026-04-12,Harbourview Apartments - invoice 1776,Service revenue,1517.9,,Business transaction,437919.02
2026-04-12,Electricity & water,Utilities,,582.8,Business transaction,437336.22
2026-04-14,Chatswood Childcare - monthly retainer,Maintenance contracts,4685.38,,Business transaction,442021.6
2026-04-14,Tradelink,Materials,,6430.58,Business transaction,435591.02
2026-04-14,Payroll fortnight A,Payroll,,17000.8,Business transaction,418590.22
2026-04-15,Harbourview Apartments - invoice 1774,Service revenue,3860.19,,Business transaction,422450.41
2026-04-15,Subcontractor - refrigeration,Subcontractors,,6269.74,Business transaction,416180.67
2026-04-15,Ampol fleet fuel,Vehicle & fuel,,1025.42,Business transaction,415155.25
2026-04-16,Marrickville Brewery - invoice 1768,Installation revenue,4409.93,,Business transaction,419565.18
2026-04-17,Northshore Dental - invoice 1771,Service revenue,3405.29,,Business transaction,422970.47
2026-04-17,Office supplies & phone,Office & admin,,561.73,Business transaction,422408.74
2026-04-18,Chatswood Childcare - monthly retainer,Maintenance contracts,4685.38,,Business transaction,427094.12
2026-04-18,Chatswood Childcare - invoice 1784,Service revenue,1340.86,,Business transaction,428434.98
2026-04-18,Lawrence & Hanson,Materials,,5221.96,Business transaction,423213.02
2026-04-19,Dunbar Family Trust - invoice 1760,Installation revenue,8377.07,,Business transaction,431590.09
2026-04-19,Northshore Dental - invoice 1762,Service revenue,3415.98,,Business transaction,435006.07
2026-04-20,Wattle St body corporate - invoice 1770,Service revenue,2056.93,,Business transaction,437063
2026-04-21,Ryde Council - invoice 1772,Service revenue,3755.28,,Business transaction,440818.28
2026-04-22,Actrol HVAC,Materials,,6248.96,Business transaction,434569.32
2026-04-22,Bookkeeper,Professional fees,,900,Business transaction,433669.32
2026-04-23,Wattle St body corporate - invoice 1777,Service revenue,2552.59,,Business transaction,436221.91
2026-04-24,Northshore Dental - invoice 1769,Service revenue,1585.57,,Business transaction,437807.48
2026-04-24,Northshore Dental - invoice 1781,Installation revenue,7525.47,,Business transaction,445332.95
2026-04-24,Ampol fleet fuel,Vehicle & fuel,,951.46,Business transaction,444381.49
2026-04-25,St Leonards Physio - monthly retainer,Maintenance contracts,4685.38,,Business transaction,449066.87
2026-04-25,Annual accounts & tax return,Professional fees,,4800,Business transaction,444266.87
2026-04-26,Wattle St body corporate - invoice 1761,Installation revenue,8333.06,,Business transaction,452599.93
2026-04-26,St Leonards Physio - invoice 1765,Service revenue,3427.35,,Business transaction,456027.28
2026-04-27,Equipment finance - Ute loan,Loan repayment,,1320,Business transaction,454707.28
2026-04-28,Marrickville Brewery - invoice 1767,Installation revenue,9585.36,,Business transaction,464292.64
2026-04-28,Ryde Council - invoice 1782,Installation revenue,5713.55,,Business transaction,470006.19
2026-04-28,Payroll fortnight B,Payroll,,17000.8,Business transaction,453005.39
2026-04-30,Owner drawings,Owner drawings,,7000,Business transaction,446005.39
2026-05-01,Marrickville Brewery - invoice 1802,Installation revenue,5908.2,,Business transaction,451913.59
2026-05-01,Wattle St body corporate - invoice 1803,Installation revenue,5388.82,,Business transaction,457302.41
2026-05-01,Workshop rent - Artarmon,Rent,,6200,Business transaction,451102.41
2026-05-02,Dunbar Family Trust - monthly retainer,Maintenance contracts,5033.16,,Business transaction,456135.57
2026-05-02,Reece Plumbing,Materials,,6550.22,Business transaction,449585.35
2026-05-03,Marrickville Brewery - invoice 1809,Service revenue,4647.36,,Business transaction,454232.71
2026-05-03,Wattle St body corporate - invoice 1819,Installation revenue,9866.64,,Business transaction,464099.35
2026-05-03,Public liability & fleet insurance,Insurance,,1850,Business transaction,462249.35
2026-05-04,Harbourview Apartments - invoice 1806,Service revenue,3120.95,,Business transaction,465370.3
2026-05-05,ServiceM8 + Xero + Google Workspace,Software,,800,Business transaction,464570.3
2026-05-06,Northshore Dental - invoice 1807,Service revenue,2331.34,,Business transaction,466901.64
2026-05-06,Middy's Electrical,Materials,,3854.67,Business transaction,463046.97
2026-05-06,Ampol fleet fuel,Vehicle & fuel,,957.13,Business transaction,462089.84
2026-05-08,Dunbar Family Trust - invoice 1810,Service revenue,2950.56,,Business transaction,465040.4
2026-05-08,Google Ads,Marketing,,2153.74,Business transaction,462886.66
2026-05-10,Bunnings Trade,Materials,,5094.36,Business transaction,457792.3
2026-05-10,Vehicle servicing,Vehicle & fuel,,260,Business transaction,457532.3
2026-05-11,Dunbar Family Trust - invoice 1808,Installation revenue,5093.84,,Business transaction,462626.14
2026-05-12,St Leonards Physio - invoice 1805,Service revenue,2355.2,,Business transaction,464981.34
2026-05-12,Marrickville Brewery - invoice 1814,Installation revenue,10503.15,,Business transaction,475484.49
2026-05-12,Electricity & water,Utilities,,620,Business transaction,474864.49
2026-05-14,Tradelink,Materials,,5495.15,Business transaction,469369.34
2026-05-14,Payroll fortnight A,Payroll,,17064,Business transaction,452305.34
2026-05-15,Subcontractor - refrigeration,Subcontractors,,6898.37,Business transaction,445406.97
2026-05-15,Ampol fleet fuel,Vehicle & fuel,,739.41,Business transaction,444667.56
2026-05-16,Marrickville Brewery - invoice 1818,Service revenue,3029.9,,Business transaction,447697.46
2026-05-17,Office supplies & phone,Office & admin,,451.42,Business transaction,447246.04
2026-05-18,Lawrence & Hanson,Materials,,3699.24,Business transaction,443546.8
2026-05-19,Harbourview Apartments - invoice 1800,Service revenue,2463.46,,Business transaction,446010.26
2026-05-19,Parramatta Bakehouse - monthly retainer,Maintenance contracts,5033.16,,Business transaction,451043.42
2026-05-20,St Leonards Physio - invoice 1815,Service revenue,1954.98,,Business transaction,452998.4
2026-05-21,Dunbar Family Trust - invoice 1813,Installation revenue,9134.26,,Business transaction,462132.66
2026-05-22,Actrol HVAC,Materials,,3589.92,Business transaction,458542.74
2026-05-22,Bookkeeper,Professional fees,,900,Business transaction,457642.74
2026-05-23,Northshore Dental - invoice 1821,Service revenue,2117.94,,Business transaction,459760.68
2026-05-24,St Leonards Physio - invoice 1811,Installation revenue,6962.56,,Business transaction,466723.24
2026-05-24,Ampol fleet fuel,Vehicle & fuel,,966.2,Business transaction,465757.04
2026-05-25,Marrickville Brewery - invoice 1816,Service revenue,2382.81,,Business transaction,468139.85
2026-05-27,Northshore Dental - invoice 1817,Service revenue,3354.07,,Business transaction,471493.92
2026-05-27,Equipment finance - Ute loan,Loan repayment,,1320,Business transaction,470173.92
2026-05-28,St Leonards Physio - invoice 1801,Service revenue,1604.23,,Business transaction,471778.15
2026-05-28,Ryde Council - invoice 1820,Installation revenue,9437.41,,Business transaction,481215.56
2026-05-28,Payroll fortnight B,Payroll,,17064,Business transaction,464151.56
2026-05-28,BAS payment (GST net),GST/BAS,,4168.88,Business transaction,459982.68
2026-05-30,Owner drawings,Owner drawings,,7000,Business transaction,452982.68
2026-06-01,Workshop rent - Artarmon,Rent,,6200,Business transaction,446782.68
2026-06-02,Northshore Dental - invoice 1842,Service revenue,4367.14,,Business transaction,451149.82
2026-06-02,Ryde Council - invoice 1845,Service revenue,2535.39,,Business transaction,453685.21
2026-06-02,Chatswood Childcare - invoice 1856,Service revenue,4085.28,,Business transaction,457770.49
2026-06-02,Chatswood Childcare - invoice 1862,Service revenue,2736.21,,Business transaction,460506.7
2026-06-02,Reece Plumbing,Materials,,7184.7,Business transaction,453322
2026-06-03,St Leonards Physio - invoice 1857,Service revenue,2833.43,,Business transaction,456155.43
2026-06-03,Public liability & fleet insurance,Insurance,,1850,Business transaction,454305.43
2026-06-04,Marrickville Brewery - monthly retainer,Maintenance contracts,5386.78,,Business transaction,459692.21
2026-06-04,Thermal imaging camera,Equipment purchase,,5600,Business transaction,454092.21
2026-06-05,ServiceM8 + Xero + Google Workspace,Software,,800,Business transaction,453292.21
2026-06-06,Northshore Dental - invoice 1863,Service revenue,2893.98,,Business transaction,456186.19
2026-06-06,Middy's Electrical,Materials,,3642.87,Business transaction,452543.32
2026-06-06,Ampol fleet fuel,Vehicle & fuel,,730.63,Business transaction,451812.69
2026-06-07,Chatswood Childcare - invoice 1840,Service revenue,3260.38,,Business transaction,455073.07
2026-06-07,Marrickville Brewery - invoice 1861,Installation revenue,6024.78,,Business transaction,461097.85
2026-06-08,Google Ads,Marketing,,2327.6,Business transaction,458770.25
2026-06-10,Dunbar Family Trust - monthly retainer,Maintenance contracts,5386.78,,Business transaction,464157.03
2026-06-10,Bunnings Trade,Materials,,7557.01,Business transaction,456600.02
2026-06-10,Vehicle servicing,Vehicle & fuel,,1450,Business transaction,455150.02
2026-06-11,Northshore Dental - invoice 1852,Installation revenue,5366.28,,Business transaction,460516.3
2026-06-12,Electricity & water,Utilities,,657.2,Business transaction,459859.1
2026-06-13,St Leonards Physio - invoice 1846,Service revenue,3966.46,,Business transaction,463825.56
2026-06-14,Tradelink,Materials,,6033.02,Business transaction,457792.54
2026-06-14,Payroll fortnight A,Payroll,,17127.2,Business transaction,440665.34
2026-06-15,Harbourview Apartments - invoice 1849,Service revenue,3339.3,,Business transaction,444004.64
2026-06-15,Subcontractor - refrigeration,Subcontractors,,7513.14,Business transaction,436491.5
2026-06-15,Ampol fleet fuel,Vehicle & fuel,,808.08,Business transaction,435683.42
2026-06-17,Office supplies & phone,Office & admin,,450.11,Business transaction,435233.31
2026-06-18,Harbourview Apartments - invoice 1853,Service revenue,3468.39,,Business transaction,438701.7
2026-06-18,Lawrence & Hanson,Materials,,4832.05,Business transaction,433869.65
2026-06-19,Northshore Dental - invoice 1864,Service revenue,3849.4,,Business transaction,437719.05
2026-06-20,Dunbar Family Trust - invoice 1859,Installation revenue,11266.12,,Business transaction,448985.17
2026-06-21,Northshore Dental - invoice 1841,Installation revenue,4997.07,,Business transaction,453982.24
2026-06-21,Marrickville Brewery - invoice 1847,Service revenue,4375.63,,Business transaction,458357.87
2026-06-22,Actrol HVAC,Materials,,7574.32,Business transaction,450783.55
2026-06-22,Bookkeeper,Professional fees,,900,Business transaction,449883.55
2026-06-24,St Leonards Physio - invoice 1850,Service revenue,3076.98,,Business transaction,452960.53
2026-06-24,Ampol fleet fuel,Vehicle & fuel,,967.09,Business transaction,451993.44
2026-06-25,Harbourview Apartments - monthly retainer,Maintenance contracts,5386.78,,Business transaction,457380.22
2026-06-25,Ryde Council - invoice 1865,Installation revenue,8984.8,,Business transaction,466365.02
2026-06-26,Kings Cross Hotel - invoice 1843,Installation revenue,4487.58,,Business transaction,470852.6
2026-06-26,Northshore Dental - invoice 1855,Service revenue,3933.4,,Business transaction,474786
2026-06-26,Dunbar Family Trust - invoice 1858,Installation revenue,7033.82,,Business transaction,481819.82
2026-06-26,Marrickville Brewery - invoice 1860,Installation revenue,8719.82,,Business transaction,490539.64
2026-06-27,Equipment finance - Ute loan,Loan repayment,,1320,Business transaction,489219.64
2026-06-28,Harbourview Apartments - invoice 1844,Service revenue,2257.97,,Business transaction,491477.61
2026-06-28,Payroll fortnight B,Payroll,,17127.2,Business transaction,474350.41
2026-06-30,Owner drawings,Owner drawings,,7000,Business transaction,467350.41
2026-07-01,Workshop rent - Artarmon,Rent,,6200,Business transaction,461150.41
2026-07-02,Dunbar Family Trust - monthly retainer,Maintenance contracts,5663.76,,Business transaction,466814.17
2026-07-02,Reece Plumbing,Materials,,8001.65,Business transaction,458812.52
2026-07-03,Parramatta Bakehouse - invoice 1884,Installation revenue,11073.63,,Business transaction,469886.15
2026-07-03,Wattle St body corporate - invoice 1904,Service revenue,2249.21,,Business transaction,472135.36
2026-07-03,Public liability & fleet insurance,Insurance,,1850,Business transaction,470285.36
2026-07-04,Northshore Dental - invoice 1905,Service revenue,5156.05,,Business transaction,475441.41
2026-07-05,Marrickville Brewery - invoice 1892,Service revenue,3968.85,,Business transaction,479410.26
2026-07-05,ServiceM8 + Xero + Google Workspace,Software,,800,Business transaction,478610.26
2026-07-06,Marrickville Brewery - invoice 1888,Service revenue,2949.42,,Business transaction,481559.68
2026-07-06,Kings Cross Hotel - invoice 1890,Service revenue,2207.92,,Business transaction,483767.6
2026-07-06,Middy's Electrical,Materials,,7711.47,Business transaction,476056.13
2026-07-06,Ampol fleet fuel,Vehicle & fuel,,919.07,Business transaction,475137.06
2026-07-08,Google Ads,Marketing,,2594.89,Business transaction,472542.17
2026-07-10,Kings Cross Hotel - invoice 1900,Service revenue,3908.7,,Business transaction,476450.87
2026-07-10,Marrickville Brewery - invoice 1901,Installation revenue,6298.68,,Business transaction,482749.55
2026-07-10,Bunnings Trade,Materials,,8418.17,Business transaction,474331.38
2026-07-10,Vehicle servicing,Vehicle & fuel,,260,Business transaction,474071.38
2026-07-12,Northshore Dental - monthly retainer,Maintenance contracts,5663.76,,Business transaction,479735.14
2026-07-12,Electricity & water,Utilities,,684.43,Business transaction,479050.71
2026-07-14,Parramatta Bakehouse - monthly retainer,Maintenance contracts,5663.76,,Business transaction,484714.47
2026-07-14,St Leonards Physio - invoice 1889,Installation revenue,4308.67,,Business transaction,489023.14
2026-07-14,Dunbar Family Trust - invoice 1896,Service revenue,1842.05,,Business transaction,490865.19
2026-07-14,Tradelink,Materials,,6452.93,Business transaction,484412.26
2026-07-14,Payroll fortnight A,Payroll,,17190.4,Business transaction,467221.86
2026-07-15,Subcontractor - refrigeration,Subcontractors,,7461.23,Business transaction,459760.63
2026-07-15,Ampol fleet fuel,Vehicle & fuel,,845,Business transaction,458915.63
2026-07-15,Income tax instalment,Income tax,,9800,Business transaction,449115.63
2026-07-16,St Leonards Physio - invoice 1898,Service revenue,5137.11,,Business transaction,454252.74
2026-07-17,Office supplies & phone,Office & admin,,394.29,Business transaction,453858.45
2026-07-18,Lawrence & Hanson,Materials,,4353.89,Business transaction,449504.56
2026-07-20,Chatswood Childcare - invoice 1886,Service revenue,2382.55,,Business transaction,451887.11
2026-07-22,Wattle St body corporate - invoice 1887,Installation revenue,8776.81,,Business transaction,460663.92
2026-07-22,Harbourview Apartments - invoice 1895,Service revenue,2710.3,,Business transaction,463374.22
2026-07-22,Dunbar Family Trust - monthly retainer,Maintenance contracts,5663.76,,Business transaction,469037.98
2026-07-22,Actrol HVAC,Materials,,7055.18,Business transaction,461982.8
2026-07-22,Bookkeeper,Professional fees,,900,Business transaction,461082.8
2026-07-23,Wattle St body corporate - invoice 1882,Installation revenue,6651.73,,Business transaction,467734.53
2026-07-23,Wattle St body corporate - monthly retainer,Maintenance contracts,5663.76,,Business transaction,473398.29
2026-07-23,Harbourview Apartments - invoice 1899,Service revenue,4040.93,,Business transaction,477439.22
2026-07-24,Dunbar Family Trust - invoice 1883,Service revenue,3492.37,,Business transaction,480931.59
2026-07-24,Chatswood Childcare - invoice 1894,Service revenue,3963.74,,Business transaction,484895.33
2026-07-24,Ampol fleet fuel,Vehicle & fuel,,953.86,Business transaction,483941.47
2026-07-25,Harbourview Apartments - invoice 1897,Installation revenue,5794.97,,Business transaction,489736.44
2026-07-27,Dunbar Family Trust - invoice 1902,Service revenue,5203.91,,Business transaction,494940.35
2026-07-27,Equipment finance - Ute loan,Loan repayment,,1320,Business transaction,493620.35
2026-07-28,Wattle St body corporate - invoice 1891,Service revenue,2984.98,,Business transaction,496605.33
2026-07-28,Payroll fortnight B,Payroll,,17190.4,Business transaction,479414.93
2026-07-30,Owner drawings,Owner drawings,,7000,Business transaction,472414.93
2026-08-01,Dunbar Family Trust - invoice 1931,Installation revenue,5542.53,,Business transaction,477957.46
2026-08-01,Workshop rent - Artarmon,Rent,,6200,Business transaction,471757.46
2026-08-02,Ryde Council - invoice 1942,Service revenue,2523.87,,Business transaction,474281.33
2026-08-02,Reece Plumbing,Materials,,8914.5,Business transaction,465366.83
2026-08-03,Wattle St body corporate - invoice 1922,Service revenue,3881.16,,Business transaction,469247.99
2026-08-03,Harbourview Apartments - invoice 1929,Installation revenue,12923.94,,Business transaction,482171.93
2026-08-03,Public liability & fleet insurance,Insurance,,1850,Business transaction,480321.93
2026-08-05,ServiceM8 + Xero + Google Workspace,Software,,800,Business transaction,479521.93
2026-08-06,Wattle St body corporate - invoice 1925,Installation revenue,11132.04,,Business transaction,490653.97
2026-08-06,Middy's Electrical,Materials,,8976.22,Business transaction,481677.75
2026-08-06,Ampol fleet fuel,Vehicle & fuel,,1018.37,Business transaction,480659.38
2026-08-07,Chatswood Childcare - invoice 1921,Service revenue,4867.13,,Business transaction,485526.51
2026-08-07,Northshore Dental - invoice 1932,Service revenue,4029.75,,Business transaction,489556.26
2026-08-08,Google Ads,Marketing,,2319.33,Business transaction,487236.93
2026-08-09,Wattle St body corporate - invoice 1923,Service revenue,4648.33,,Business transaction,491885.26
2026-08-10,Dunbar Family Trust - monthly retainer,Maintenance contracts,5800.8,,Business transaction,497686.06
2026-08-10,Northshore Dental - invoice 1938,Installation revenue,12858.54,,Business transaction,510544.6
2026-08-10,Ryde Council - invoice 1945,Service revenue,4749.78,,Business transaction,515294.38
2026-08-10,Bunnings Trade,Materials,,6145.08,Business transaction,509149.3
2026-08-10,Vehicle servicing,Vehicle & fuel,,260,Business transaction,508889.3
2026-08-11,Harbourview Apartments - invoice 1930,Installation revenue,13020.88,,Business transaction,521910.18
2026-08-11,Kings Cross Hotel - invoice 1935,Installation revenue,9158.59,,Business transaction,531068.77
2026-08-11,Marrickville Brewery - invoice 1939,Installation revenue,8762.64,,Business transaction,539831.41
2026-08-12,Electricity & water,Utilities,,694.4,Business transaction,539137.01
2026-08-13,St Leonards Physio - invoice 1937,Installation revenue,12458.87,,Business transaction,551595.88
2026-08-13,Dunbar Family Trust - invoice 1943,Service revenue,5202.46,,Business transaction,556798.34
2026-08-14,Tradelink,Materials,,7075.1,Business transaction,549723.24
2026-08-14,Payroll fortnight A,Payroll,,17253.6,Business transaction,532469.64
2026-08-15,Subcontractor - refrigeration,Subcontractors,,7018.65,Business transaction,525450.99
2026-08-15,Ampol fleet fuel,Vehicle & fuel,,720.39,Business transaction,524730.6
2026-08-16,Kings Cross Hotel - invoice 1933,Installation revenue,10600.39,,Business transaction,535330.99
2026-08-16,Wattle St body corporate - invoice 1941,Installation revenue,9598.44,,Business transaction,544929.43
2026-08-17,Office supplies & phone,Office & admin,,504.32,Business transaction,544425.11
2026-08-18,Lawrence & Hanson,Materials,,8259.9,Business transaction,536165.21
2026-08-20,Northshore Dental - invoice 1920,Service revenue,2814.27,,Business transaction,538979.48
2026-08-20,Term deposit interest,Interest income,664.1,,Business transaction,539643.58
2026-08-21,Ryde Council - monthly retainer,Maintenance contracts,5800.8,,Business transaction,545444.38
2026-08-21,St Leonards Physio - invoice 1928,Installation revenue,8837.79,,Business transaction,554282.17
2026-08-22,Actrol HVAC,Materials,,4921.66,Business transaction,549360.51
2026-08-22,Bookkeeper,Professional fees,,900,Business transaction,548460.51
2026-08-24,Chatswood Childcare - invoice 1926,Service revenue,3909.88,,Business transaction,552370.39
2026-08-24,Ampol fleet fuel,Vehicle & fuel,,743.23,Business transaction,551627.16
2026-08-25,Dunbar Family Trust - invoice 1936,Installation revenue,5258.09,,Business transaction,556885.25
2026-08-25,Dunbar Family Trust - invoice 1944,Installation revenue,11825.22,,Business transaction,568710.47
2026-08-27,Ryde Council - invoice 1940,Installation revenue,6947.81,,Business transaction,575658.28
2026-08-27,Equipment finance - Ute loan,Loan repayment,,1320,Business transaction,574338.28
2026-08-28,Northshore Dental - invoice 1934,Service revenue,4159.22,,Business transaction,578497.5
2026-08-28,Payroll fortnight B,Payroll,,17253.6,Business transaction,561243.9
2026-08-28,BAS payment (GST net),GST/BAS,,4804.7,Business transaction,556439.2
2026-08-30,Owner drawings,Owner drawings,,7000,Business transaction,549439.2
